country,Village_id,Factories,Pollution
Greece,147,21,0.32
Greece,575,17,0.4
Greece,207,7,0.41
Greece,333,12,0.37
Greece,26,14,0.12
Greece,372,11,0.4
Greece,29,14,0.37
Greece,340,14,0.22
Greece,43,25,0.41
Greece,228,7,0.43
Greece,352,24,0.12
Greece,439,12,0.73
Greece,431,19,0.12
Greece,567,18,0.98
Greece,429,14,0.4
Greece,216,19,0.6
Greece,400,13,0.39
Greece,56,13,0.5
Greece,267,6,0.43
Greece,426,14,0.48
Greece,565,27,0.32
Greece,138,24,0.37
Greece,412,20,0.26
Greece,520,24,0.25
Greece,529,12,0.5
Greece,241,17,0.5
Greece,117,27,0.5
Greece,447,25,0.12
Greece,384,24,0.5
Greece,134,21,0.2
Greece,574,19,0.6
Greece,67,8,0.56
Greece,6,20,0.12
Greece,177,25,0.22
Greece,459,25,0.29
Greece,335,26,0.26
Greece,238,21,0.38
Greece,266,14,0.36
Greece,224,27,0.21
Greece,213,27,0.12
Greece,300,14,0.51
Greece,499,19,0.5
Greece,339,18,0.29
Greece,195,15,0.25
Greece,349,19,0.52
Greece,389,21,0.36
Greece,269,24,0.3
Greece,586,11,0.44
Greece,187,12,0.53
Greece,399,24,0.48
Greece,99,25,0.53
Greece,407,26,0.47
Greece,38,17,0.6
Greece,477,17,0.42
Greece,519,19,0.58
Greece,302,11,0.43
Greece,36,20,0.52
Greece,64,11,0.45
Greece,423,25,0.65
Greece,550,11,0.5
Greece,354,11,0.43
Greece,37,14,0.59
Greece,466,18,0.37
Greece,361,28,0.43
Greece,215,12,0.56
Greece,583,14,0.6
Greece,576,28,0.5
Greece,599,20,0.61
Greece,209,18,0.6
Greece,113,12,0.58
Greece,120,12,0.43
Greece,420,12,0.5
Greece,465,17,0.4
Greece,307,7,0.6
Greece,393,7,0.7
Greece,358,7,0.61
Greece,244,7,0.58
Greece,543,5,0.51
Greece,390,7,0.58
Greece,226,5,0.48
Greece,369,5,0.55
Greece,469,7,0.59
Greece,413,7,0.6
Greece,555,5,0.4
Greece,234,5,0.66
Greece,250,5,0.54
Greece,225,31,0.32
Greece,130,5,0.55
Greece,428,5,0.54
Greece,17,12,0.48
Greece,2,13,0.24
Greece,356,19,0.19
Greece,85,14,0.5
Greece,185,12,0.52
Greece,478,11,0.5
Greece,395,7,0.25
Greece,198,25,0.53
Greece,452,3,0.29
Greece,4,18,0.5
Greece,571,25,0.48
Greece,108,17,0.58
Greece,527,28,0.63
Greece,337,13,0.18
Greece,164,21,0.26
Greece,507,12,0.55
Greece,518,6,0.58
Greece,278,6,0.51
Greece,114,28,0.5
Greece,235,25,0.25
Greece,310,12,0.35
Greece,316,17,0.55
Greece,404,13,0.49
Greece,589,31,0.38
Greece,78,7,0.43
Greece,271,25,0.45
Greece,408,7,0.59
Greece,294,7,0.63
Greece,523,6,0.73
Greece,167,6,0.66
Greece,493,6,0.71
Greece,508,6,0.75
Greece,100,6,0.65
Greece,68,20,0.39
Greece,152,21,0.17
Greece,364,6,0.6
Greece,201,6,0.62
Greece,528,6,0.59
Greece,311,25,0.4
Greece,249,7,0.41
Greece,387,21,0.25
Greece,157,11,0.2
Greece,544,28,0.53
Greece,394,24,0.43
Greece,94,11,0.12
Greece,197,21,0.26
Greece,317,24,0.51
Greece,351,7,0.29
Greece,482,27,0.46
Greece,430,19,0.26
Greece,374,21,0.35
Greece,194,31,0.43
Greece,554,24,0.32
Greece,279,31,0.29
Greece,173,21,0.75
Greece,558,24,0.32
Greece,170,21,0.17
Greece,199,19,0.28
Greece,357,11,0.53
Greece,470,31,0.58
Greece,35,31,0.51
Greece,73,27,0.37
Greece,45,27,0.58
Greece,293,24,0.37
Greece,560,27,0.4
Greece,223,24,0.48
Greece,231,12,0.57
Greece,116,7,0.28
Greece,581,14,0.46
Greece,502,26,0.14
Greece,564,31,0.56
Greece,76,31,0.53
Greece,362,12,0.56
Greece,193,27,0.42
Greece,107,14,0.45
Greece,158,5,0.58
Greece,378,27,0.56
Greece,365,19,0.47
Greece,568,31,0.69
Greece,328,14,0.2
Greece,444,25,0.29
Greece,3,27,0.41
Greece,315,31,0.51
Greece,20,31,0.56
Greece,77,31,0.57
Greece,476,6,0.42
Greece,90,14,0.26
Greece,590,31,0.44
Greece,243,7,0.54
Greece,566,26,0.58
Greece,31,25,0.54
Greece,214,24,0.52
Greece,284,25,0.61
Greece,240,24,0.45
Greece,10,13,0.22
Greece,531,14,0.2
Greece,331,13,0.57
Greece,449,26,0.23
Greece,115,10,0.38
Greece,495,10,0.52
Greece,154,20,0.9
Greece,171,21,0.32
Greece,480,21,0.25
Greece,314,21,0.65
Greece,274,7,0.58
Greece,166,17,0.44
Greece,289,14,0.32
Greece,483,27,0.52
Greece,110,12,0.57
Greece,118,6,0.36
Greece,283,19,0.44
Greece,411,28,0.4
Greece,533,26,0.29
Greece,535,7,0.45
Greece,505,14,0.59
Greece,484,24,0.4
Greece,513,3,0.43
Greece,475,20,0.4
Greece,159,27,0.5
Greece,262,20,0.37
Greece,109,18,0.64
Greece,65,18,0.68
Greece,53,18,0.57
Greece,180,28,0.43
Greece,287,19,0.33
Greece,137,17,0.25
Greece,593,31,0.23
Greece,492,31,0.65
Greece,13,13,0.45
Greece,153,24,0.5
Greece,556,13,0.81
Greece,132,24,0.24
Greece,436,20,0.29
Greece,561,24,0.42
Greece,509,18,0.51
Greece,381,21,0.54
Greece,391,18,0.37
Greece,584,24,0.5
Greece,506,20,0.58
Greece,301,31,0.26
Greece,380,17,0.5
Greece,47,24,0.19
Greece,97,17,0.41
Greece,128,19,0.32
Greece,136,20,0.9
Greece,347,7,0.12
Greece,255,6,0.32
Greece,595,12,0.12
Greece,383,18,0.9
Greece,14,19,0.6
Greece,318,26,0.25
Greece,512,24,0.45
Greece,125,7,0.9
Greece,498,13,0.23
Greece,44,31,0.4
Greece,516,24,0.12
Greece,285,5,0.84
Greece,172,15,0.32
Greece,338,20,0.18
Greece,52,20,0.6
Greece,405,7,0.9
Greece,192,27,0.4
Greece,538,26,0.33
Greece,254,31,0.39
Greece,122,20,0.52
Greece,18,15,0.73
Greece,299,20,0.19
Greece,406,24,0.27
Greece,23,21,0.34
Greece,353,7,0.4
Greece,123,19,0.9
Greece,218,12,0.5
Greece,270,7,0.34
Greece,559,6,0.57
Greece,600,12,0.36
Greece,206,20,0.42
Greece,296,26,0.46
Greece,569,14,0.2
Greece,418,19,0.65
Greece,275,18,0.25
Greece,32,31,0.5
Greece,221,27,0.26
Greece,162,20,0.26
Greece,247,28,0.6
Greece,304,25,0.5
Greece,486,24,0.4
Greece,580,20,0.32
Greece,547,11,0.61
Greece,526,13,0.42
Greece,98,11,0.39
Greece,88,13,0.65
Greece,27,24,0.42
Greece,276,13,0.54
Greece,155,20,0.12
Greece,360,15,0.35
Greece,530,13,0.66
Greece,458,13,0.6
Greece,514,7,0.47
Greece,242,8,0.3
Greece,149,19,0.57
Greece,189,18,0.47
Greece,592,3,0.57
Greece,392,19,0.41
Greece,55,24,0.12
Greece,485,14,0.32
Greece,227,19,0.65
Greece,542,25,0.46
Greece,92,27,0.52
Greece,422,27,0.48
Greece,320,7,0.39
Greece,178,24,0.32
Greece,203,20,0.2
Greece,119,28,0.4
Greece,396,13,0.5
Greece,281,18,0.33
Greece,385,11,0.53
Greece,15,11,0.36
Greece,72,19,0.54
Greece,308,20,0.57
Greece,330,20,0.73
Greece,290,18,0.29
Greece,563,20,0.57
Greece,258,11,0.33
Greece,549,11,0.5
Greece,102,5,0.73
Greece,388,18,0.44
Greece,71,20,0.65
Greece,359,20,0.73
Greece,129,20,0.67
Greece,11,20,0.4
Greece,236,14,0.49
Greece,446,21,0.61
Greece,594,13,0.45
Greece,51,17,0.53
Greece,151,17,0.65
Greece,376,20,0.22
Greece,551,11,0.57
Greece,273,25,0.32
Greece,379,14,0.35
Greece,510,6,0.12
Greece,451,19,0.59
Greece,366,18,0.16
Greece,462,12,0.53
Greece,121,6,0.75
Greece,219,11,0.65
Greece,259,25,0.26
Greece,539,26,0.42
Greece,591,12,0.52
Greece,577,21,0.61
Greece,487,25,0.12
Greece,232,17,0.19
Greece,91,15,0.37
Greece,93,3,0.53
Greece,414,7,0.34
Greece,248,11,0.65
Greece,297,10,0.9
Greece,546,17,0.31
Greece,545,7,0.5
Greece,479,14,0.29
Greece,421,14,0.12
Greece,291,24,0.37
Greece,441,12,0.12
Greece,59,17,0.39
Greece,264,12,0.59
Greece,572,17,0.47
Greece,174,20,0.17
Greece,473,18,0.12
Greece,202,13,0.26
Greece,373,26,0.5
Greece,124,11,0.12
Greece,188,11,0.45
Greece,298,17,0.52
Greece,22,13,0.4
Greece,196,13,0.26
Greece,217,14,0.3
Greece,80,21,0.26
Greece,588,12,0.29
Greece,211,12,0.15
Greece,382,12,0.65
Greece,346,12,0.18
Greece,368,19,0.12
Greece,5,8,0.16
Greece,324,19,0.25
Greece,182,24,0.19
Greece,205,24,0.32
Greece,175,21,0.47
Greece,106,17,0.41
Greece,141,18,0.29
Greece,534,25,0.61
Greece,277,20,0.5
Greece,434,14,0.12
Greece,596,13,0.61
Greece,191,21,0.25
Greece,341,7,0.45
Greece,433,14,0.9
Greece,245,25,0.39
Greece,460,21,0.4
Greece,344,20,0.5
Greece,371,6,0.21
Greece,442,13,0.5
Greece,46,19,0.72
Greece,81,6,0.46
Greece,491,10,0.4
Greece,63,12,0.7
Greece,525,25,0.73
Greece,334,13,0.4
Greece,494,13,0.32
Greece,417,17,0.4
Greece,397,20,0.34
Greece,251,6,0.57
Greece,329,12,0.7
Greece,464,24,0.7
Greece,521,25,0.7
Greece,537,11,0.39
Greece,598,21,0.4
Greece,445,14,0.52
Greece,471,20,0.52
Greece,295,13,0.36
Greece,410,20,0.2
Greece,112,15,0.65
Greece,332,11,0.65
Greece,578,14,0.22
Greece,582,17,0.12
Greece,292,19,0.22
Greece,573,14,0.18
Greece,40,24,0.32
Greece,84,18,0.37
Greece,419,25,0.16
Greece,401,11,0.52
Greece,161,17,0.55
Greece,49,27,0.48
Greece,190,17,0.19
Greece,435,13,0.4
Greece,500,13,0.39
Greece,336,13,0.57
Greece,16,24,0.7
Greece,321,20,0.23
Greece,570,19,0.32
Greece,54,24,0.4
Greece,42,13,0.26
Greece,467,20,0.47
Greece,208,17,0.28
Greece,585,21,0.32
Greece,552,25,0.52
Greece,1,27,0.12
Greece,50,17,0.5
Greece,58,21,0.26
Greece,260,14,0.73
Greece,133,13,0.31
Greece,375,11,0.32
Greece,135,5,0.54
Greece,424,27,0.19
Greece,472,24,0.23
Greece,303,12,0.28
Greece,144,8,0.21
Greece,562,17,0.26
Greece,265,7,0.7
Greece,517,14,0.23
Greece,288,25,0.2
Greece,363,13,0.61
Greece,86,19,0.45
Greece,504,20,0.46
Greece,41,6,0.46
Greece,200,11,0.65
Greece,61,12,0.57
Greece,522,7,0.12
Greece,326,17,0.23
Greece,222,6,0.5
Greece,455,11,0.24
Greece,48,13,0.65
Greece,280,14,0.45
Greece,111,20,0.48
Greece,454,12,0.37
Greece,229,17,0.25
Greece,490,18,0.53
Greece,143,12,0.25
Greece,416,12,0.4
Greece,62,14,0.57
Greece,156,27,0.55
Greece,105,19,0.59
Greece,309,14,0.5
Greece,457,17,0.23
Greece,541,18,0.21
Greece,367,11,0.18
Greece,425,7,0.35
Greece,160,5,0.4
Greece,515,19,0.49
Greece,286,12,0.12
Greece,548,14,0.66
Greece,204,13,0.57
Greece,438,8,0.43
Greece,488,12,0.32
Greece,69,18,0.9
Greece,186,3,0.59
Greece,474,20,0.7
Greece,60,11,0.45
Greece,342,20,0.65
Greece,183,21,0.7
Greece,579,7,0.23
Greece,237,12,0.4
Greece,34,6,0.54
Greece,350,7,0.29
Greece,587,11,0.24
Greece,256,21,0.29
Greece,282,6,0.34
Greece,21,19,0.9
Greece,553,14,0.52
Greece,345,18,0.12
Greece,57,5,0.25
Greece,104,24,0.37
Greece,146,8,0.25
Greece,263,24,0.61
Greece,497,11,0.59
Greece,403,11,0.41
Greece,377,13,0.47
Greece,532,13,0.22
Greece,83,11,0.33
Greece,257,17,0.38
Greece,398,11,0.2
Greece,306,25,0.26
Greece,322,20,0.52
Greece,139,25,0.33
Greece,25,20,0.44
Greece,481,17,0.25
Greece,233,11,0.31
Greece,19,21,0.56
Greece,348,12,0.54
Greece,305,21,0.29
Greece,440,14,0.47
Greece,463,19,0.32
Greece,169,7,0.23
Greece,142,28,0.38
Greece,468,24,0.71
Greece,355,13,0.4
Greece,437,24,0.61
Greece,448,19,0.37
Greece,536,24,0.23
Greece,74,6,0.12
Italy,191,5,0.52
Italy,731,7,0.33
Italy,263,20,0.44
Italy,421,12,0.25
Italy,33,7,0.31
Italy,477,6,0.56
Italy,36,31,0.54
Italy,343,31,0.29
Italy,55,5,0.47
Italy,560,10,0
Italy,551,5,0
Italy,717,5,0
Italy,549,5,0
Italy,272,31,0
Italy,513,30,0
Italy,71,20,0
Italy,546,25,0
Italy,713,7,0
Italy,529,3,0
Italy,669,19,0
Italy,152,30,0
Italy,491,30,0
Italy,176,31,0
Italy,728,11,0
Italy,572,11,0.03
Italy,7,30,0.02
Italy,230,5,0.35
Italy,283,5,0.4
Italy,269,24,0.49
Italy,634,5,0.12
Italy,250,12,0.66
Italy,443,6,0.57
Italy,499,30,0.43
Italy,340,21,0.32
Italy,742,26,0.9
Italy,242,12,0.59
Italy,512,30,0.7
Italy,521,30,0.45
Italy,49,3,0.65
Italy,658,18,0.7
Italy,382,13,0.23
Italy,47,13,0
Italy,543,3,0
Italy,464,27,0
Italy,93,26,0
Italy,732,31,0
Italy,759,5,0
Italy,390,10,0
Italy,505,30,0
Italy,306,6,0
Italy,687,30,0
Italy,502,30,0
Italy,473,6,0
Italy,595,12,0
Italy,530,3,0
Italy,171,7,0
Italy,548,5,0
Italy,2,21,0
Italy,455,19,0
Italy,113,31,0
Italy,240,30,0
Italy,608,31,0
Italy,507,30,0
Italy,667,31,0
Italy,425,10,0
Italy,642,17,0
Italy,353,11,0
Italy,148,30,0
Italy,296,11,0
Italy,393,14,0
Italy,518,31,0
Italy,745,31,0
Italy,212,10,0
Italy,372,21,0
Italy,626,7,0
Italy,131,11,0
Italy,88,6,0
Italy,198,18,0
Italy,468,12,0
Italy,257,5,0
Italy,189,17,0
Italy,394,12,0
Italy,205,31,0
Italy,688,6,0
Italy,506,30,0
Italy,125,14,0
Italy,253,10,0
Italy,401,13,0
Italy,613,31,0
Italy,479,20,0
Italy,316,6,0
Italy,249,20,0
Italy,698,30,0
Italy,356,6,0
Italy,225,10,0
Italy,705,5,0
Italy,412,5,0
Italy,221,5,0
Italy,458,10,0
Italy,9,30,0
Italy,97,17,0
Italy,58,11,0
Italy,370,31,0
Italy,282,5,0.99
Italy,291,10,0.96
Italy,151,10,0
Italy,637,18,0
Italy,712,6,0
Italy,465,7,0
Italy,552,5,0
Italy,206,31,0
Italy,219,10,0
Italy,318,7,0
Italy,718,29,0
Italy,415,10,0
Italy,31,5,0
Italy,565,21,0
Italy,399,31,0
Italy,25,31,0
Italy,101,17,0
Italy,606,5,0
Italy,119,11,0
Italy,746,13,0
Italy,715,6,0
Italy,39,6,0
Italy,302,28,0
Italy,51,11,0
Italy,571,17,0
Italy,703,6,0
Italy,366,19,0
Italy,41,19,0
Italy,143,14,0
Italy,360,6,0
Italy,527,31,0
Italy,674,24,0
Italy,640,11,0
Italy,118,26,0
Italy,547,3,0
Italy,142,29,0
Italy,396,26,0.41
Italy,68,3,0.21
Italy,757,30,0.4
Italy,364,30,0.34
Italy,17,31,0.26
Italy,702,12,0.33
Italy,174,28,0.65
Italy,556,28,0.38
Italy,708,30,0.4
Italy,488,30,0.2
Italy,503,30,0.32
Italy,172,14,0.2
Italy,740,14,0.2
Italy,641,31,0.45
Italy,321,26,0.46
Italy,490,5,0.4
Italy,163,10,0.49
Italy,653,13,0.4
Italy,223,20,0.69
Italy,66,12,0.63
Italy,519,31,0.4
Italy,247,11,0.19
Italy,23,26,0.27
Italy,520,30,0.5
Italy,28,31,0.18
Italy,450,10,0.45
Italy,275,10,0.61
Italy,262,18,0.25
Italy,375,31,0.4
Italy,721,25,0.79
Italy,535,31,0.4
Italy,348,3,0.39
Italy,40,5,0.32
Italy,279,30,0.7
Italy,211,12,0.55
Italy,310,17,0.46
Italy,619,31,0.26
Italy,736,26,0.5
Italy,666,18,0.45
Italy,129,5,0.82
Italy,349,25,0.43
Italy,463,6,0.52
Italy,581,28,0.39
Italy,650,28,0.6
Italy,165,5,0.26
Italy,194,20,0.76
Italy,287,30,0.2
Italy,682,20,0.52
Italy,540,31,0.29
Italy,259,10,0.29
Italy,434,7,0.5
Italy,155,20,0.26
Italy,358,30,0.9
Italy,19,5,0.39
Italy,266,28,0.3
Italy,367,12,0.57
Italy,693,14,0.5
Italy,133,6,0.47
Italy,414,19,0.9
Italy,170,17,0.54
Italy,297,30,0.17
Italy,752,13,0.26
Italy,197,19,0.22
Italy,695,12,0.27
Italy,486,30,0.42
Italy,646,10,0.48
Italy,573,29,0.39
Italy,470,7,0.2
Italy,84,7,0.29
Italy,157,30,0.41
Italy,277,10,0.73
Italy,681,19,0.4
Italy,747,7,0.57
Italy,620,27,0.8
Italy,292,10,0.78
Italy,124,24,0.82
Italy,531,3,0.7
Italy,311,18,0.78
Italy,376,7,0.68
Italy,690,29,0.8
Italy,214,31,0.81
Italy,689,12,0.41
Italy,408,10,0.27
Italy,664,12,0.42
Italy,368,13,0.48
Italy,333,6,0.39
Italy,725,20,0.2
Italy,602,31,0.29
Italy,258,30,0.41
Italy,162,17,0.73
Italy,243,5,0.4
Italy,377,19,0.57
Italy,234,19,0.8
Italy,252,11,0.26
Italy,273,7,0.5
Italy,267,31,0.45
Italy,437,21,0.82
Italy,472,6,0.43
Italy,6,30,0.52
Italy,127,5,0.39
Italy,410,17,0.6
Italy,261,31,0.26
Italy,138,10,0.76
Italy,185,3,0.2
Italy,675,6,0.52
Italy,576,25,0.29
Italy,350,5,0.29
Italy,756,30,0.5
Italy,16,30,0.26
Italy,307,26,0.9
Italy,81,30,0.39
Italy,665,10,0.3
Italy,509,30,0.57
Italy,590,6,0.5
Italy,660,31,0.47
Italy,679,5,0.9
Italy,597,18,0.54
Italy,373,31,0.17
Italy,35,27,0.26
Italy,526,31,0.22
Italy,420,5,0.27
Italy,630,14,0.42
Italy,726,11,0.48
Italy,52,11,0.39
Italy,111,7,0.2
Italy,536,31,0.29
Italy,210,21,0.41
Italy,290,10,0.73
Italy,404,7,0.4
Italy,555,6,0.57
Italy,635,19,0.8
Italy,12,30,0.78
Italy,20,5,0.26
Italy,69,20,0.5
Italy,264,27,0.45
Italy,696,11,0.82
Italy,73,10,0.43
Italy,598,19,0.52
Italy,188,27,0.39
Italy,709,31,0.6
Italy,334,7,0.26
Italy,365,11,0.76
Italy,466,13,0.2
Italy,661,31,0.52
Italy,413,31,0.29
Italy,281,17,0.29
Italy,578,7,0.5
Italy,61,19,0.26
Italy,623,5,0.9
Italy,533,31,0.39
Italy,204,7,0.3
Italy,392,7,0.57
Italy,580,17,0.5
Italy,685,7,0.47
Italy,209,7,0.9
Italy,651,18,0.54
Italy,363,11,0.17
Italy,692,18,0.26
Italy,395,5,0.22
Italy,621,14,0.27
Italy,432,10,0.42
Italy,237,21,0.48
Italy,735,5,0.39
Italy,444,14,0.2
Italy,323,13,0.29
Italy,697,7,0.41
Italy,436,14,0.73
Italy,72,29,0.4
Italy,672,6,0.57
Italy,324,13,0.8
Italy,389,10,0.78
Italy,407,10,0.26
Italy,32,11,0.5
Italy,611,11,0.45
Italy,293,6,0.82
Italy,388,19,0.43
Italy,220,21,0.52
Italy,186,31,0.39
Italy,454,19,0.6
Italy,557,13,0.26
Italy,10,29,0.76
Italy,662,13,0.2
Italy,511,30,0.52
Italy,537,10,0.29
Italy,501,27,0.29
Italy,398,11,0.5
Italy,655,3,0.26
Italy,371,31,0.9
Italy,217,17,0.39
Italy,467,10,0.3
Italy,167,13,0.57
Italy,351,13,0.5
Italy,711,31,0.47
Italy,676,5,0.9
Italy,123,10,0.54
Italy,134,13,0.17
Italy,683,14,0.26
Italy,460,17,0.22
Italy,654,6,0.27
Italy,224,30,0.42
Italy,112,21,0.48
Italy,753,3,0.39
Italy,749,10,0.2
Italy,500,30,0.29
Italy,37,10,0.41
Italy,121,20,0.73
Italy,274,31,0.4
Italy,699,13,0.57
Italy,207,18,0.8
Italy,542,3,0.78
Italy,386,7,0.82
Italy,379,6,0.7
Italy,8,30,0.78
Italy,3,31,0.68
Italy,601,20,0.8
Italy,105,21,0.81
Italy,335,21,0.41
Italy,76,10,0.27
Italy,719,13,0.5
Italy,29,31,0.26
Italy,431,10,0.5
Italy,385,3,0.45
Italy,441,21,0.82
Italy,716,13,0.43
Italy,14,12,0.52
Italy,154,11,0.39
Italy,117,31,0.99
Italy,632,12,0.26
Italy,166,18,0.76
Italy,46,24,0.2
Italy,452,20,0.52
Italy,652,26,0.29
Italy,309,28,0.29
Italy,600,5,0.5
Italy,476,5,0.26
Italy,91,31,0.9
Italy,730,12,0.39
Italy,374,21,0.3
Italy,327,10,0.57
Italy,149,10,0.5
Italy,541,28,0.47
Italy,603,25,0.9
Italy,485,29,0.54
Italy,433,5,0.17
Italy,575,20,0.26
Italy,383,30,0.22
Italy,355,28,0.99
Italy,354,11,0.98
Italy,80,13,0.48
Italy,95,26,0.39
Italy,319,11,0.2
Italy,86,24,0.29
Portugal,273,11,0.41
Portugal,1013,24,0.73
Portugal,378,11,0.4
Portugal,587,16,0.57
Portugal,38,11,0.8
Portugal,41,10,0.78
Portugal,481,28,0.82
Portugal,68,9,0.7
Portugal,778,11,0.78
Portugal,765,11,0.68
Portugal,996,20,0.8
Portugal,760,23,0.81
Portugal,392,16,0.41
Portugal,709,23,0.27
Portugal,475,25,0.4
Portugal,756,13,0.34
Portugal,991,19,0.29
Portugal,735,8,0.6
Portugal,47,30,0.57
Portugal,921,17,0.5
Portugal,151,26,0.5
Portugal,933,10,0.78
Portugal,211,25,0.26
Portugal,788,27,0.26
Portugal,682,20,0.59
Portugal,1010,18,0.43
Portugal,117,31,0.45
Portugal,793,16,0.12
Portugal,805,31,0.45
Portugal,426,12,0.76
Portugal,472,32,0.17
Portugal,407,31,0.18
Portugal,388,10,0.42
Portugal,527,26,0.44
Portugal,885,10,0.57
Portugal,691,11,0.15
Portugal,478,13,0.12
Portugal,1033,12,0.12
Portugal,350,23,0.45
Portugal,707,27,0.45
Portugal,180,10,0.32
Portugal,722,18,0.29
Portugal,842,12,0.19
Portugal,920,17,0.57
Portugal,59,31,0.44
Portugal,109,20,0.45
Portugal,751,31,0.46
Portugal,967,9,0.22
Portugal,630,20,0.36
Portugal,818,17,0.49
Portugal,646,26,0.17
Portugal,391,13,0.3
Portugal,1030,26,0.18
Portugal,125,32,0.12
Portugal,1061,32,0.4
Portugal,382,10,0.12
Portugal,202,25,0.18
Portugal,219,10,0.24
Portugal,817,11,0.32
Portugal,183,10,0.21
Portugal,698,20,0.12
Portugal,958,10,0.58
Portugal,695,17,0.35
Portugal,411,17,0.25
Portugal,659,30,0.26
Portugal,736,31,0.48
Portugal,975,31,0.34
Portugal,421,11,0.47
Portugal,443,10,0.29
Portugal,409,16,0.47
Portugal,244,19,0.25
Portugal,759,9,0.12
Portugal,23,12,0.35
Portugal,2,18,0.2
Portugal,634,13,0.73
Portugal,157,16,0.45
Portugal,347,24,0.42
Portugal,702,13,0.29
Portugal,364,11,0.12
Portugal,5,31,0.23
Portugal,1005,3,0.52
Portugal,193,9,0.25
Portugal,930,26,0.4
Portugal,595,12,0.42
Portugal,308,24,0.37
Portugal,898,16,0.52
Portugal,917,16,0.47
Portugal,492,10,0.52
Portugal,204,27,0.12
Portugal,423,3,0.21
Portugal,549,19,0.23
Portugal,560,28,0.65
Portugal,717,12,0.3
Portugal,1037,12,0.49
Portugal,307,26,0.67
Portugal,724,19,0.18
Portugal,871,12,0.7
Portugal,899,25,0.45
Portugal,119,18,0.84
Portugal,652,32,0.12
Portugal,369,12,0.41
Portugal,271,11,0.6
Portugal,551,12,0.12
Portugal,442,10,0.26
Portugal,689,12,0.34
Portugal,298,8,0.22
Portugal,959,13,0.2
Portugal,701,25,0.85
Portugal,174,9,0.32
Portugal,561,13,0.2
Portugal,854,18,0.52
Portugal,764,18,0.54
Portugal,264,9,0.73
Portugal,666,24,0.57
Portugal,446,27,0.9
Portugal,971,20,0.33
Portugal,498,26,0.21
Portugal,326,10,0.48
Portugal,980,11,0.28
Portugal,576,32,0.29
Portugal,824,18,0.84
Portugal,55,10,0.8
Portugal,73,8,0.19
Portugal,517,3,0.76
Portugal,406,20,0.18
Portugal,210,25,0.23
Portugal,1025,25,0.37
Portugal,133,25,0.87
Portugal,345,19,0.24
Portugal,647,31,0.61
Portugal,357,26,0.83
Portugal,299,28,0.55
Portugal,318,31,0.84
Portugal,448,16,0.9
Portugal,653,18,0.57
Portugal,997,18,0.19
Portugal,579,20,0.47
Portugal,783,4,0.4
Portugal,279,24,0.24
Portugal,559,20,0.9
Portugal,27,17,0.12
Portugal,135,3,0.38
Portugal,841,8,0.59
Portugal,166,26,0.27
Portugal,434,11,0.61
Portugal,993,31,0.2
Portugal,48,18,0.9
Portugal,390,27,0.12
Portugal,505,11,0.32
Portugal,15,11,0.52
Portugal,935,19,0.48
Portugal,887,8,0.32
Portugal,585,13,0.83
Portugal,63,10,0.5
Portugal,792,18,0.4
Portugal,291,20,0.9
Portugal,323,11,0.57
Portugal,978,19,0.33
Portugal,848,18,0.12
Portugal,483,16,0.55
Portugal,312,4,0.76
Portugal,50,10,0.5
Portugal,195,13,0.84
Portugal,213,9,0.2
Portugal,733,12,0.21
Portugal,938,24,0.5
Portugal,945,18,0.65
Portugal,893,25,0.37
Portugal,858,25,0.67
Portugal,907,13,0.19
Portugal,840,30,0.36
Portugal,165,19,0.29
Portugal,757,20,0.15
Portugal,301,12,0.71
Portugal,467,18,0.12
Portugal,194,12,0.5
Portugal,554,24,0.52
Portugal,88,11,0.32
Portugal,1059,12,0.26
Portugal,802,9,0.23
Portugal,509,13,0.29
Portugal,257,12,0.25
Portugal,1046,18,0.61
Portugal,870,20,0.65
Portugal,288,10,0.32
Portugal,976,11,0.23
Portugal,247,30,0.32
Portugal,773,26,0.12
Portugal,400,25,0.2
Portugal,986,11,0.84
Portugal,901,26,0.37
Portugal,679,19,0.86
Portugal,245,10,0.29
Portugal,1031,26,0.52
Portugal,894,12,0.57
Portugal,528,30,0.12
Portugal,678,12,0.26
Portugal,75,12,0.53
Portugal,242,26,0.2
Portugal,254,26,0.33
Portugal,611,26,0.52
Portugal,452,32,0.31
Portugal,1055,4,0.55
Portugal,20,11,0.65
Portugal,563,30,0.26
Portugal,906,20,0.19
Portugal,883,30,0.45
Portugal,911,18,0.22
Portugal,596,13,0.48
Portugal,949,16,0.27
Portugal,451,19,0.54
Portugal,224,23,0.5
Portugal,25,12,0.79
Portugal,720,17,0.36
Portugal,32,24,0.43
Portugal,628,32,0.24
Portugal,1062,20,0.23
Portugal,1000,3,0.32
Portugal,741,25,0.47
Portugal,486,32,0.34
Portugal,306,20,0.29
Portugal,440,10,0.53
Portugal,861,19,0.76
Portugal,889,10,0.26
Portugal,929,27,0.57
Portugal,178,19,0.12
Portugal,39,12,0.41
Portugal,294,7,0.73
Portugal,934,12,0.26
Portugal,804,13,0.46
Portugal,433,26,0.23
Portugal,280,10,0.7
Portugal,352,24,0.32
Portugal,1042,16,0.32
Portugal,697,30,0.22
Portugal,860,12,0.4
Portugal,413,8,0.58
Portugal,952,20,0.76
Portugal,957,31,0.39
Portugal,746,9,0.22
Portugal,568,19,0.21
Portugal,333,27,0.34
Portugal,241,26,0.37
Portugal,217,19,0.25
Portugal,500,12,0.52
Portugal,684,3,0.87
Portugal,21,8,0.12
Portugal,129,26,0.5
Portugal,132,12,0.61
Portugal,547,9,0.6
Portugal,513,11,0.45
Portugal,988,13,0.9
Portugal,460,11,0.61
Portugal,127,11,0.78
Portugal,643,30,0.32
Portugal,243,19,0.5
Portugal,17,31,0.25
Portugal,424,24,0.3
Portugal,785,24,0.57
Portugal,284,10,0.16
Portugal,482,18,0.18
Portugal,677,19,0.45
Portugal,903,23,0.32
Portugal,794,13,0.45
Portugal,812,18,0.12
Portugal,112,27,0.23
Portugal,904,26,0.73
Portugal,399,27,0.2
Portugal,1020,30,0.47
Portugal,864,20,0.84
Portugal,418,25,0.34
Portugal,387,13,0.25
Portugal,173,26,0.5
Portugal,737,32,0.52
Portugal,441,16,0.79
Portugal,309,17,0.21
Portugal,847,16,0.66
Portugal,143,3,0.78
Portugal,745,11,0.59
Portugal,927,26,0.65
Portugal,514,30,0.12
Portugal,469,7,0.82
Portugal,1006,16,0.75
Portugal,327,9,0.78
Portugal,835,20,0.18
Portugal,370,10,0.4
Portugal,665,11,0.68
Portugal,229,28,0.52
Portugal,351,24,0.74
Portugal,524,26,0.32
Portugal,337,11,0.4
Portugal,30,30,0.5
Portugal,395,20,0.48
Portugal,146,18,0.73
Portugal,1036,24,0.26
Portugal,610,25,0.84
Portugal,6,10,0.73
Portugal,573,13,0.47
Portugal,340,32,0.72
Portugal,190,3,0.55
Portugal,799,28,0.9
Portugal,1058,20,0.45
Portugal,355,27,0.12
Portugal,18,13,0.2
Portugal,436,9,0.73
Portugal,608,10,0.51
Portugal,868,8,0.42
Portugal,108,3,0.2
Portugal,928,3,0.68
Portugal,588,19,0.62
Portugal,873,23,0.29
Portugal,187,11,0.19
Portugal,740,24,0.12
Portugal,331,10,0.29
Portugal,477,19,0.4
Portugal,922,17,0.34
Portugal,1060,8,0.44
Portugal,784,26,0.12
Portugal,729,11,0.31
Portugal,825,31,0.8
Portugal,520,31,0.12
Portugal,40,13,0.4
Portugal,200,9,0.9
Portugal,586,17,0.24
Portugal,64,3,0.17
Portugal,710,11,0.58
Portugal,416,24,0.25
Portugal,738,13,0.21
Portugal,78,16,0.53
Portugal,772,10,0.12
Portugal,886,3,0.52
Portugal,14,18,0.31
Portugal,22,28,0.72
Portugal,1003,23,0.27
Portugal,89,10,0.43
Portugal,428,26,0.4
Portugal,66,12,0.24
Portugal,334,18,0.39
Portugal,819,17,0.9
Portugal,969,26,0.12
Portugal,79,17,0.4
Portugal,94,26,0.46
Portugal,669,17,0.27
Portugal,252,12,0.55
Portugal,532,23,0.78
Portugal,270,19,0.31
Portugal,987,3,0.42
Portugal,470,3,0.7
Portugal,510,19,0.65
Portugal,650,10,0.12
Portugal,158,18,0.75
Portugal,892,17,0.57
Portugal,65,16,0.4
Portugal,368,26,0.22
Portugal,923,27,0.57
Portugal,577,32,0.74
Portugal,403,12,0.82
Portugal,77,25,0.29
Portugal,499,8,0.57
Portugal,199,27,0.61
Portugal,800,27,0.86
Portugal,415,30,0.69
Portugal,269,24,0.7
Portugal,739,25,0.2
Portugal,105,10,0.76
Portugal,956,16,0.4
Portugal,755,12,0.88
Portugal,302,4,0.57
Portugal,508,12,0.19
Portugal,965,25,0.47
Portugal,776,20,0.23
Portugal,865,13,0.8
Portugal,121,3,0.4
Portugal,839,3,0.4
Portugal,101,12,0.41
Portugal,604,18,0.19
Portugal,343,12,0.25
Portugal,1022,28,0.45
Portugal,425,19,0.27
Portugal,51,18,0.6
Portugal,619,10,0.19
Portugal,1034,18,0.42
Portugal,455,8,0.49
Portugal,28,32,0.37
Portugal,970,26,0.16
Portugal,93,12,0.22
Portugal,272,27,0.73
Portugal,468,17,0.25
Portugal,879,31,0.6
Portugal,712,16,0.48
Portugal,936,25,0.25
Portugal,153,17,0.4
Portugal,459,28,0.9
Portugal,543,4,0.22
Portugal,570,8,0.78
Portugal,263,23,0.57
Portugal,852,17,0.41
Portugal,420,26,0.16
Portugal,612,12,0.49
Portugal,540,26,0.44
Portugal,813,9,0.54
Portugal,319,24,0.48
Portugal,267,30,0.86
Portugal,820,17,0.61
Portugal,633,24,0.12
Portugal,159,18,0.65
Portugal,711,20,0.18
Portugal,774,8,0.67
Portugal,12,11,0.26
Portugal,789,23,0.39
Portugal,946,12,0.12
Portugal,131,12,0.19
Portugal,13,3,0.5
Portugal,924,18,0.44
Portugal,743,17,0.78
Portugal,694,13,0.6
Portugal,734,25,0.23
Portugal,787,25,0.52
Portugal,558,24,0.16
Portugal,914,4,0.79
Portugal,518,10,0.4
Portugal,809,18,0.29
Portugal,316,26,0.28
Portugal,447,23,0.17
Portugal,651,12,0.12
Portugal,240,13,0.51
Portugal,989,16,0.32
Portugal,775,24,0.54
Portugal,232,16,0.3
Portugal,171,4,0.6
Portugal,185,20,0.44
Portugal,954,13,0.55
Portugal,251,4,0.33
Portugal,640,23,0.73
Portugal,688,11,0.25
Portugal,853,26,0.25
Portugal,454,19,0.38
Portugal,260,17,0.14
Portugal,80,17,0.51
Portugal,829,26,0.43
Portugal,430,13,0.36
Portugal,902,10,0.52
Portugal,402,32,0.55
Portugal,325,13,0.37
Portugal,156,24,0.14
Portugal,490,19,0.22
Portugal,810,11,0.52
Portugal,1054,13,0.4
Portugal,290,26,0.41
Portugal,35,18,0.46
Portugal,422,20,0.29
Portugal,1045,13,0.24
Portugal,62,11,0.12
Portugal,71,11,0.4
Portugal,42,32,0.31
Portugal,122,11,0.54
Portugal,168,3,0.35
Portugal,396,16,0.59
Portugal,972,17,0.12
Portugal,473,13,0.61
Portugal,572,28,0.17
Portugal,748,13,0.19
Portugal,615,26,0.39
Portugal,600,11,0.21
Portugal,632,11,0.78
Portugal,535,16,0.9
Portugal,54,11,0.17
Portugal,526,17,0.2
Portugal,192,16,0.45
Portugal,855,18,0.53
Portugal,9,32,0.54
Portugal,96,24,0.66
Portugal,465,16,0.67
Portugal,973,12,0.48
Portugal,1052,32,0.54
Portugal,832,3,0.62
Portugal,145,11,0.31
Portugal,98,30,0.26
Portugal,341,20,0.27
Portugal,34,30,0.41
Portugal,602,26,0.27
Portugal,534,11,0.4
Portugal,995,16,0.38
Portugal,636,19,0.17
Portugal,246,13,0.17
Portugal,882,11,0.32
Portugal,1011,12,0.25
Portugal,730,3,0.26
Portugal,237,23,0.5
Portugal,713,11,0.9
Portugal,621,24,0.22
Portugal,149,11,0.56
Portugal,631,31,0.24
Portugal,910,19,0.28
Portugal,562,20,0.49
Portugal,575,19,0.41
Portugal,123,11,0.23
Portugal,292,20,0.48
Portugal,1012,12,0.25
Portugal,521,16,0.21
Portugal,462,12,0.25
Portugal,857,18,0.37
Portugal,282,19,0.78
Portugal,124,11,0.47
Portugal,875,26,0.87
Portugal,114,10,0.29
Portugal,275,18,0.2
Portugal,1057,32,0.41
Portugal,641,26,0.29
Portugal,361,24,0.26
Portugal,330,8,0.12
Portugal,836,31,0.26
Portugal,676,18,0.18
Portugal,625,13,0.21
Portugal,605,10,0.57
Portugal,530,25,0.41
Portugal,107,23,0.25
Portugal,1008,26,0.45
Portugal,937,11,0.32
Portugal,449,30,0.52
Portugal,223,23,0.37
Portugal,686,23,0.2
Portugal,1002,12,0.24
Portugal,999,9,0.57
Portugal,445,20,0.61
Portugal,495,13,0.6
Portugal,31,17,0.56
Portugal,845,3,0.48
Portugal,700,17,0.46
Portugal,253,19,0.39
Portugal,1047,26,0.2
Portugal,342,8,0.18
Portugal,624,19,0.42
Portugal,931,19,0.17
Portugal,1027,11,0.33
Portugal,1050,11,0.12
Portugal,683,8,0.49
Portugal,261,24,0.61
Portugal,310,10,0.43
Portugal,550,26,0.25
Portugal,714,25,0.59
Portugal,329,3,0.36
Portugal,974,18,0.12
Portugal,880,20,0.25
Portugal,863,10,0.3
Portugal,226,13,0.78
Portugal,497,10,0.5
Portugal,539,18,0.31
Portugal,859,16,0.4
Portugal,544,10,0.57
Portugal,905,19,0.5
Portugal,897,24,0.32
Portugal,761,27,0.32
Portugal,823,11,0.21
Portugal,881,17,0.43
Portugal,963,17,0.86
Portugal,642,10,0.12
Portugal,29,24,0.3
Portugal,287,17,0.4
Portugal,315,25,0.42
Portugal,408,18,0.77
Portugal,662,20,0.31
Portugal,613,32,0.59
Portugal,951,17,0.38
Portugal,231,17,0.3
Portugal,106,10,0.37
Portugal,220,19,0.73
Portugal,120,24,0.26
Portugal,1026,20,0.29
Portugal,555,24,0.65
Portugal,942,24,0.37
Portugal,716,12,0.54
Portugal,336,10,0.22
Portugal,419,20,0.56
Portugal,536,19,0.34
Portugal,321,19,0.71
Portugal,491,8,0.9
Portugal,876,13,0.4
Portugal,214,25,0.31
Portugal,389,18,0.54
Portugal,1017,19,0.32
Portugal,179,17,0.16
Portugal,100,31,0.61
Portugal,531,10,0.52
Portugal,76,9,0.41
Portugal,111,11,0.25
Portugal,258,10,0.33
Portugal,276,19,0.29
Portugal,160,26,0.42
Portugal,1019,16,0.39
Portugal,144,10,0.15
Portugal,811,19,0.75
Portugal,752,13,0.47
Portugal,667,27,0.4
Portugal,593,30,0.47
Portugal,437,8,0.33
Portugal,212,3,0.2
Portugal,721,27,0.54
Portugal,567,17,0.37
Portugal,67,16,0.43
Portugal,994,13,0.16
Portugal,827,31,0.3
Portugal,393,23,0.22
Portugal,386,20,0.29
Portugal,169,16,0.43
Portugal,849,31,0.59
Portugal,182,10,0.45
Portugal,715,23,0.42
Portugal,126,19,0.45
Portugal,727,17,0.25
Portugal,203,18,0.75
Portugal,293,23,0.23
Portugal,918,17,0.18
Portugal,295,18,0.57
Portugal,762,3,0.17
Portugal,161,30,0.57
Portugal,136,23,0.22
Portugal,1040,13,0.47
Portugal,1056,19,0.5
Portugal,208,13,0.55
Portugal,265,13,0.28
Portugal,668,17,0.68
Portugal,916,30,0.17
Portugal,814,26,0.57
Portugal,90,30,0.87
Portugal,7,25,0.87
Portugal,278,16,0.28
Portugal,259,23,0.5
Portugal,147,32,0.4
Portugal,235,25,0.55
Portugal,708,23,0.25
Portugal,81,18,0.12
Portugal,977,17,0.57
Portugal,53,13,0.26
Portugal,45,25,0.2
Portugal,1048,27,0.4
Portugal,834,8,0.42
Portugal,1015,17,0.48
Portugal,311,19,0.87
Portugal,831,24,0.57
Portugal,598,18,0.19
Portugal,201,13,0.49
Portugal,699,18,0.42
Portugal,541,11,0.37
Portugal,339,3,0.5
Portugal,850,10,0.12
Portugal,394,30,0.4
Portugal,725,18,0.42
Portugal,939,19,0.12
Portugal,1016,10,0.9
Portugal,196,16,0.43
Portugal,137,10,0.12
Portugal,964,17,0.29
Portugal,843,12,0.78
Portugal,766,17,0.7
Portugal,912,13,0.4
Portugal,629,23,0.37
Portugal,233,27,0.41
Portugal,164,26,0.25
Portugal,533,27,0.26
Portugal,118,19,0.9
Portugal,70,23,0.55
Portugal,731,18,0.37
Portugal,457,13,0.15
Portugal,375,10,0.32
Portugal,256,31,0.32
Portugal,515,26,0.28
Portugal,758,26,0.22
Portugal,872,16,0.4
Portugal,891,19,0.27
Portugal,138,23,0.7
Portugal,221,16,0.42
Portugal,878,23,0.3
Portugal,941,18,0.54
Portugal,826,30,0.55
Portugal,728,11,0.45
Portugal,374,24,0.57
Portugal,919,20,0.5
Portugal,228,19,0.37
Portugal,87,28,0.72
Portugal,614,18,0.19
Portugal,590,16,0.56
Portugal,172,19,0.43
Portugal,649,23,0.22
Portugal,385,26,0.33
Portugal,869,13,0.25
Portugal,456,10,0.65
Portugal,1001,19,0.53
Portugal,884,24,0.26
Portugal,984,20,0.32
Portugal,537,26,0.32
Portugal,313,13,0.53
Portugal,72,30,0.6
Portugal,838,13,0.15
Portugal,186,27,0.2
Portugal,10,17,0.48
Portugal,86,3,0.57
Portugal,546,16,0.22
Portugal,723,27,0.4
Portugal,458,8,0.32
Portugal,501,13,0.53
Portugal,786,13,0.12
Portugal,944,30,0.42
Portugal,564,16,0.39
Portugal,453,12,0.78
Portugal,218,12,0.27
Portugal,512,17,0.31
Portugal,1051,13,0.26
Portugal,412,25,0.27
Portugal,816,10,0.46
Portugal,1043,23,0.18
Portugal,197,24,0.31
Portugal,648,19,0.41
Portugal,277,4,0.65
Portugal,274,19,0.25
Portugal,1044,26,0.54
Portugal,494,28,0.8
Portugal,749,20,0.12
Portugal,638,18,0.9
Portugal,837,27,0.71
Portugal,580,26,0.29
Portugal,463,23,0.42
Portugal,1039,23,0.32
Portugal,429,10,0.49
Portugal,851,16,0.51
Portugal,644,13,0.8
Portugal,379,13,0.32
Portugal,542,3,0.22
Portugal,215,19,0.37
Portugal,675,16,0.41
Portugal,148,23,0.57
Portugal,365,11,0.23
Portugal,58,11,0.4
Portugal,1004,19,0.35
Portugal,833,16,0.69
Portugal,750,18,0.52
Portugal,504,27,0.4
Portugal,798,10,0.12
Portugal,404,18,0.27
Portugal,566,10,0.9
Portugal,1049,24,0.34
Poland,330,15,0.39
Poland,44,5,0.34
Poland,515,20,0.29
Poland,1008,27,0.4
Poland,1285,14,0.5
Poland,486,14,0.53
Poland,981,21,0.4
Poland,1278,7,0.39
Poland,316,12,0.83
Poland,952,15,0.53
Poland,53,16,0.3
Poland,178,14,0.4
Poland,1201,8,0.17
Poland,537,5,0.22
Poland,1019,16,0.9
Poland,879,8,0.34
Poland,301,14,0.33
Poland,1304,13,0.9
Poland,1040,20,0.9
Poland,529,9,0.39
Poland,589,19,0.57
Poland,506,20,0.57
Poland,676,8,0.23
Poland,770,16,0.41
Poland,445,16,0.32
Poland,794,20,0.8
Poland,896,22,0.32
Poland,1333,10,0.45
Poland,918,12,0.25
Poland,216,19,0.29
Poland,938,33,0.67
Poland,1084,13,0.45
Poland,679,28,0.72
Poland,67,7,0.57
Poland,975,19,0.4
Poland,808,19,0.5
Poland,68,9,0.49
Poland,1056,19,0.46
Poland,1367,21,0.6
Poland,245,9,0.5
Poland,963,25,0.45
Poland,540,23,0.5
Poland,295,31,0.45
Poland,985,14,0.9
Poland,27,9,0.77
Poland,4,14,0.3
Poland,813,14,0.32
Poland,426,31,0.54
Poland,344,6,0.66
Poland,450,14,0.19
Poland,1029,3,0.57
Poland,768,14,0.69
Poland,375,19,0.38
Poland,1156,9,0.25
Poland,525,9,0.32
Poland,707,21,0.3
Poland,932,28,0.28
Poland,1338,27,0.63
Poland,374,13,0.32
Poland,601,27,0.18
Poland,1012,21,0.52
Poland,141,8,0.21
Poland,843,7,0.26
Poland,456,7,0.4
Poland,1200,6,0.41
Poland,327,25,0.57
Poland,710,22,0.53
Poland,894,27,0.4
Poland,362,26,0.4
Poland,1236,27,0.53
Poland,721,22,0.32
Poland,796,6,0.54
Poland,1099,13,0.47
Poland,991,26,0.55
Poland,319,5,0.41
Poland,442,23,0.4
Poland,634,28,0.53
Poland,1265,25,0.33
Poland,392,14,0.55
Poland,454,26,0.5
Poland,818,27,0.9
Poland,1063,28,0.9
Poland,63,25,0.4
Poland,14,12,0.72
Poland,154,15,0.4
Poland,83,23,0.9
Poland,662,23,0.27
Poland,253,28,0.25
Poland,1323,28,0.37
Poland,1276,26,0.29
Poland,157,26,0.29
Poland,834,26,0.55
Poland,363,28,0.45
Poland,869,25,0.46
Poland,390,19,0.32
Poland,1286,7,0.57
Poland,42,28,0.26
Poland,1014,12,0.21
Poland,338,14,0.4
Poland,719,20,0.28
Poland,159,27,0.26
Poland,1083,14,0.29
Poland,198,23,0.25
Poland,1339,11,0.31
Poland,54,6,0.37
Poland,484,19,0.21
Poland,643,31,0.32
Poland,535,8,0.55
Poland,18,6,0.26
Poland,1205,14,0.3
Poland,1140,23,0.66
Poland,72,12,0.2
Poland,1025,31,0.2
Poland,396,28,0.4
Poland,1262,12,0.57
Poland,716,15,0.4
Poland,380,19,0.2
Poland,57,15,0.45
Poland,236,27,0.4
Poland,257,23,0.22
Poland,949,19,0.21
Poland,1210,8,0.34
Poland,1218,29,0.52
Poland,1150,22,0.5
Poland,1103,20,0.58
Poland,1166,9,0.32
Poland,982,7,0.19
Poland,366,8,0.54
Poland,130,21,0.37
Poland,1365,27,0.28
Poland,412,16,0.76
Poland,1037,9,0.73
Poland,650,16,0.29
Poland,308,21,0.7
Poland,1117,7,0.32
Poland,350,7,0.4
Poland,1259,8,0.55
Poland,1002,21,0.32
Poland,296,20,0.32
Poland,875,9,0.53
Poland,213,22,0.22
Poland,293,19,0.45
Poland,785,23,0.22
Poland,561,21,0.5
Poland,1360,16,0.53
Poland,725,13,0.47
Poland,279,22,0.47
Poland,1135,21,0.9
Poland,209,13,0.55
Poland,1171,12,0.37
Poland,646,20,0.25
Poland,397,12,0.5
Poland,30,8,0.37
Poland,936,5,0.34
Poland,37,5,0.24
Poland,806,8,0.65
Poland,276,23,0.65
Poland,1369,22,0.41
Poland,465,27,0.9
Poland,499,14,0.41
Poland,372,30,0.45
Poland,546,21,0.42
Poland,1322,30,0.19
Poland,1143,15,0.29
Poland,1240,24,0.19
Poland,1197,13,0.45
Poland,193,16,0.32
Poland,45,13,0.3
Poland,610,21,0.45
Poland,832,28,0.34
Poland,1203,26,0.42
Poland,285,22,0.32
Poland,538,23,0.43
Poland,434,19,0.45
Poland,1346,21,0.4
Poland,904,9,0.9
Poland,104,24,0.25
Poland,513,9,0.27
Poland,1227,13,0.65
Poland,202,26,0.29
Poland,734,16,0.33
Poland,779,15,0.41
Poland,292,21,0.37
Poland,910,21,0.26
Poland,636,24,0.22
Poland,474,24,0.27
Poland,705,14,0.45
Poland,754,14,0.32
Poland,655,14,0.61
Poland,1274,26,0.25
Poland,1247,16,0.32
Poland,221,15,0.34
Poland,744,15,0.45
Poland,151,21,0.25
Poland,294,24,0.29
Poland,20,24,0.25
Poland,527,22,0.32
Poland,1016,24,0.26
Poland,345,22,0.43
Poland,604,23,0.6
Poland,874,15,0.32
Poland,1042,23,0.32
Poland,1161,20,0.32
Poland,1027,22,0.36
Poland,1048,20,0.37
Poland,133,23,0.3
Poland,270,22,0.48
Poland,496,22,0.52
Poland,571,24,0.25
Poland,1344,22,0.34
Poland,1318,13,0.42
Poland,199,19,0.19
Poland,479,15,0.61
Poland,954,6,0.21
Poland,547,8,0.75
Poland,668,15,0.45
Poland,1238,33,0.15
Poland,1091,12,0.5
Poland,1195,6,0.45
Poland,656,33,0.34
Poland,1010,12,0.21
Poland,586,19,0.47
Poland,1299,13,0.19
Poland,543,33,0.33
Poland,457,5,0.4
Poland,889,14,0.52
Poland,278,9,0.26
Poland,670,14,0.54
Poland,35,14,0.29
Poland,447,7,0.56
Poland,490,15,0.35
Poland,1337,21,0.8
Poland,784,13,0.26
Poland,212,22,0.32
Poland,739,19,0.37
Poland,417,9,0.2
Poland,464,14,0.2
Poland,1212,15,0.8
Poland,1032,33,0.9
Poland,616,20,0.25
Poland,1000,32,0.43
Poland,1363,15,0.37
Poland,852,19,0.4
Poland,774,32,0.23
Poland,541,5,0.44
Poland,854,5,0.45
Poland,1011,8,0.26
Poland,177,19,0.25
Poland,1114,19,0.34
Poland,127,33,0.39
Poland,1196,15,0.4
Poland,759,15,0.32
Poland,225,8,0.29
Poland,406,29,0.53
Poland,551,15,0.26
Poland,752,16,0.9
Poland,1220,14,0.18
Poland,1366,9,0.47
Poland,1015,15,0.35
Poland,945,25,0.57
Poland,1064,6,0.26
Poland,243,9,0.27
Poland,757,5,0.59
Poland,1319,5,0.26
Poland,1327,28,0.9
Poland,660,14,0.4
Poland,184,9,0.52
Poland,960,9,0.55
Poland,922,23,0.76
Poland,371,14,0.42
Poland,517,8,0.35
Poland,89,20,0.26
Poland,1001,28,0.37
Poland,765,28,0.46
Poland,26,29,0.28
Poland,735,26,0.17
Poland,1294,5,0.34
Poland,102,23,0.9
Poland,531,21,0.45
Poland,76,27,0.5
Poland,1057,13,0.42
Poland,471,7,0.9
Poland,1331,13,0.63
Poland,1,8,0.37
Poland,108,27,0.29
Poland,577,5,0.32
Poland,300,13,0.63
Poland,864,30,0.22
Poland,303,14,0.43
Poland,977,14,0.43
Poland,1067,15,0.4
Poland,683,15,0.4
Poland,651,23,0.4
Poland,839,12,0.54
Poland,187,15,0.42
Poland,74,13,0.43
Poland,455,8,0.34
Poland,1187,28,0.37
Poland,743,21,0.25
Poland,501,13,0.41
Poland,88,13,0.35
Poland,635,27,0.9
Poland,1035,14,0.9
Poland,516,15,0.48
Poland,1113,23,0.4
Poland,360,29,0.8
Poland,228,13,0.25
Poland,706,16,0.34
Poland,1038,8,0.37
Poland,847,14,0.7
Poland,979,28,0.26
Poland,368,13,0.4
Poland,1169,12,0.22
Poland,649,15,0.34
Poland,1245,13,0.75
Poland,1111,15,0.47
Poland,143,12,0.32
Poland,1080,23,0.81
Poland,1320,12,0.16
Poland,528,14,0.4
Poland,58,28,0.21
Poland,1334,15,0.32
Poland,638,32,0.18
Poland,783,8,0.57
Poland,329,15,0.46
Poland,867,29,0.19
Poland,569,15,0.25
Poland,913,6,0.89
Poland,318,15,0.27
Poland,31,32,0.52
Poland,786,26,0.16
Poland,697,23,0.45
Poland,1009,9,0.41
Poland,1058,12,0.56
Poland,1188,14,0.58
Poland,916,15,0.37
Poland,606,23,0.8
Poland,1018,19,0.71
Poland,663,33,0.32
Poland,1045,5,0.56
Poland,386,19,0.57
Poland,556,16,0.28
Poland,842,31,0.49
Poland,618,6,0.45
Poland,1004,5,0.33
Poland,204,28,0.26
Poland,223,14,0.27
Poland,302,15,0.58
Poland,892,23,0.57
Poland,1098,5,0.48
Poland,563,23,0.51
Poland,91,6,0.9
Poland,533,15,0.21
Poland,1173,12,0.78
Poland,1160,9,0.51
Poland,185,21,0.25
Poland,624,21,0.32
Poland,1046,12,0.45
Poland,1358,5,0.53
Poland,524,14,0.63
Poland,81,15,0.48
Poland,899,13,0.41
Poland,144,19,0.53
Poland,200,13,0.68
Poland,805,23,0.3
Poland,1254,5,0.86
Poland,592,5,0.7
Poland,942,16,0.31
Poland,790,10,0.16
Poland,773,21,0.42
Poland,811,7,0.53
Poland,689,10,0.42
Poland,97,6,0.74
Poland,5,15,0.23
Poland,111,13,0.56
Poland,579,20,0.32
Poland,1071,6,0.43
Poland,588,14,0.73
Poland,113,7,0.39
Poland,40,9,0.26
Poland,29,9,0.3
Poland,775,6,0.4
Poland,1284,8,0.22
Poland,19,13,0.24
Poland,194,21,0.37
Poland,1134,14,0.32
Poland,1307,22,0.17
Poland,946,22,0.57
Poland,926,30,0.39
Poland,797,22,0.39
Poland,176,5,0.25
Poland,65,5,0.33
Poland,1170,16,0.4
Poland,545,13,0.47
Poland,723,15,0.77
Poland,858,5,0.52
Poland,356,8,0.22
Poland,866,13,0.46
Poland,666,33,0.29
Poland,572,29,0.57
Poland,1102,16,0.26
Poland,1264,16,0.22
Poland,148,27,0.61
Poland,250,7,0.52
Poland,1362,7,0.57
Poland,828,16,0.68
Poland,404,22,0.25
Poland,969,7,0.88
Poland,872,22,0.32
Poland,778,6,0.43
Poland,631,15,0.57
Poland,628,27,0.4
Poland,125,7,0.22
Poland,152,16,0.19
Poland,1302,16,0.45
Poland,274,28,0.23
Poland,1209,14,0.36
Poland,136,8,0.38
Poland,1088,14,0.15
Poland,299,20,0.18
Poland,304,15,0.21
Poland,1303,30,0.31
Poland,848,22,0.37
Poland,1199,12,0.9
Poland,1354,12,0.63
Poland,881,21,0.39
Poland,559,15,0.9
Poland,377,10,0.57
Poland,49,30,0.34
Poland,709,30,0.32
Poland,927,19,0.45
Poland,403,16,0.57
Poland,1257,16,0.88
Poland,1132,9,0.43
Poland,95,19,0.41
Poland,1109,33,0.68
Poland,632,13,0.19
Poland,1104,23,0.41
Poland,780,21,0.4
Poland,370,7,0.25
Poland,934,8,0.41
Poland,1164,28,0.65
Poland,988,23,0.2
Poland,978,30,0.37
Poland,530,22,0.21
Poland,1133,13,0.4
Poland,1242,16,0.19
Poland,348,30,0.29
Poland,384,7,0.52
Poland,507,14,0.46
Poland,1225,7,0.52
Poland,280,14,0.3
Poland,123,6,0.19
Poland,415,7,0.37
Poland,142,27,0.2
Poland,1324,16,0.22
Poland,645,13,0.3
Poland,413,14,0.27
Poland,625,13,0.6
Poland,1127,23,0.25
Poland,258,14,0.22
Poland,483,7,0.4
Poland,115,16,0.21
Poland,682,27,0.59
Poland,740,28,0.32
Poland,311,15,0.55
Poland,171,5,0.84
Poland,1328,30,0.17
Poland,976,16,0.63
Poland,766,13,0.3
Poland,542,14,0.51
Poland,256,15,0.9
Poland,596,5,0.22
Poland,77,6,0.37
Poland,39,30,0.29
Poland,488,13,0.44
Poland,478,16,0.26
Poland,150,29,0.78
Poland,1270,29,0.9
Poland,246,8,0.41
Poland,357,7,0.37
Poland,989,30,0.25
Poland,1342,16,0.56
Poland,1361,13,0.32
Poland,251,13,0.41
Poland,994,19,0.67
Poland,103,28,0.46
Poland,10,16,0.6
Poland,312,14,0.9
Poland,776,23,0.28
Poland,284,6,0.59
Poland,158,20,0.86
Poland,93,16,0.59
Poland,60,14,0.28
Poland,51,13,0.5
Poland,1073,25,0.26
Poland,1312,7,0.47
Poland,1070,30,0.35
Poland,771,14,0.22
Poland,1094,19,0.76
Poland,1211,27,0.25
Poland,453,8,0.57
Poland,1267,19,0.54
Poland,1021,15,0.37
Poland,993,8,0.29
Poland,282,22,0.76
Poland,196,5,0.47
Poland,50,26,0.45
Poland,140,7,0.65
Poland,947,28,0.33
Poland,1154,16,0.24
Poland,307,15,0.17
Poland,1006,12,0.32
Poland,657,28,0.52
Poland,1316,16,0.58
Poland,1119,7,0.5
Poland,163,14,0.5
Poland,1129,9,0.4
Poland,1214,33,0.54
Poland,944,14,0.45
Poland,52,19,0.17
Poland,347,13,0.73
Poland,712,7,0.23
Poland,248,16,0.54
Poland,762,19,0.45
Poland,205,23,0.32
Poland,898,12,0.3
Poland,504,8,0.83
Poland,1221,21,0.32
Poland,59,16,0.32
Poland,565,14,0.25
Poland,1292,8,0.24
Poland,1269,6,0.4
Poland,381,6,0.9
Poland,82,15,0.38
Poland,1107,14,0.4
Poland,224,7,0.57
Poland,1158,16,0.2
Poland,98,33,0.78
Poland,704,8,0.37
Poland,290,22,0.29
Poland,939,5,0.25
Poland,138,12,0.47
Poland,1217,19,0.65
Poland,118,31,0.52
Poland,562,23,0.4
Poland,653,12,0.4
Poland,512,14,0.19
Poland,1053,12,0.21
Poland,240,5,0.45
Poland,836,33,0.56
Poland,336,25,0.56
Poland,1078,23,0.2
Poland,179,20,0.25
Poland,424,15,0.21
Poland,395,19,0.25
Poland,750,19,0.34
Poland,573,21,0.45
Poland,532,19,0.52
Poland,1095,15,0.5
Poland,831,19,0.4
Poland,340,9,0.22
Poland,1024,28,0.55
Poland,1321,16,0.65
Poland,767,23,0.35
Poland,699,16,0.35
Poland,1193,15,0.27
Poland,260,28,0.25
Poland,871,6,0.23
Poland,715,19,0.41
Poland,1060,15,0.6
Poland,66,14,0.46
Poland,642,23,0.32
Poland,502,16,0.22
Poland,590,21,0.24
Poland,128,13,0.9
Poland,962,13,0.19
Poland,677,31,0.18
Poland,1301,23,0.29
Poland,1256,13,0.79
Poland,109,26,0.5
Poland,254,13,0.4
Poland,1233,27,0.17
Poland,611,22,0.22
Poland,355,14,0.9
Poland,749,14,0.59
Poland,817,7,0.67
Poland,1097,14,0.4
Poland,317,31,0.4
Poland,238,32,0.6
Poland,1261,16,0.55
Poland,1282,16,0.57
Poland,688,13,0.37
Poland,1277,23,0.9
Poland,137,14,0.86
Poland,497,21,0.57
Poland,1033,6,0.48
Poland,912,19,0.31
Poland,620,19,0.27
Poland,761,12,0.56
Poland,1115,6,0.53
Poland,700,14,0.65
Poland,1364,24,0.32
Poland,1359,30,0.24
Poland,1296,21,0.73
Poland,602,21,0.52
Poland,1297,27,0.88
Poland,287,21,0.3
Poland,888,15,0.25
Poland,409,15,0.29
Poland,915,9,0.36
Poland,995,7,0.61
Poland,1179,27,0.4
Poland,935,9,0.8
Poland,617,15,0.32
Poland,86,7,0.76
Poland,733,6,0.41
Poland,467,30,0.29
Poland,815,13,0.57
Poland,1202,13,0.47
Poland,1213,9,0.53
Poland,1125,28,0.45
Poland,1279,9,0.24
Poland,576,19,0.29
Poland,3,13,0.19
Poland,693,14,0.9
Poland,421,12,0.45
Poland,726,14,0.41
Poland,1191,22,0.34
Poland,494,21,0.17
Poland,633,19,0.19
Poland,407,15,0.37
Poland,748,31,0.29
Poland,56,7,0.29
Poland,886,23,0.41
Poland,70,8,0.9
Poland,661,22,0.29
Poland,810,23,0.52
Poland,117,22,0.32
Poland,126,16,0.4
Poland,692,22,0.37
Poland,880,30,0.29
Poland,593,28,0.32
Poland,210,23,0.29
Poland,508,22,0.9
Poland,458,16,0.34
Poland,120,6,0.46
Poland,192,15,0.68
Poland,647,7,0.26
Poland,1023,6,0.29
Poland,920,19,0.37
Poland,385,9,0.18
Poland,399,33,0.26
Poland,1177,30,0.23
Poland,273,33,0.4
Poland,206,23,0.34
Poland,28,13,0.7
Poland,903,26,0.29
Poland,835,21,0.63
Poland,615,7,0.32
Poland,182,16,0.32
Poland,351,33,0.54
Poland,824,13,0.65
Poland,444,23,0.45
Poland,405,5,0.47
Poland,62,11,0.9
Poland,788,26,0.18
Poland,99,26,0.29
Poland,722,14,0.55
Poland,1130,14,0.8
Poland,583,13,0.46
Poland,342,26,0.29
Poland,873,27,0.55
Poland,203,10,0.29
Poland,1052,14,0.17
Poland,1311,19,0.41
Poland,1054,32,0.61
Poland,552,21,0.22
Poland,1263,5,0.39
Poland,980,22,0.37
Poland,622,9,0.9
Poland,288,9,0.37
Poland,951,8,0.4
Poland,841,14,0.45
Poland,544,22,0.29
Poland,1336,12,0.9
Poland,264,12,0.19
Poland,612,9,0.37
Poland,973,10,0.29
Poland,884,29,0.57
Poland,433,3,0.52
Poland,325,23,0.29
Poland,732,5,0.66
Poland,929,13,0.41
Poland,827,14,0.65
Poland,968,15,0.25
Poland,853,8,0.29
Poland,514,16,0.73
Poland,648,20,0.5
Poland,310,19,0.21
Poland,1368,9,0.48
Poland,568,14,0.32
Poland,1271,19,0.65
Poland,259,33,0.45
Poland,819,13,0.61
Poland,1059,16,0.52
Poland,997,20,0.45
Poland,1314,14,0.25
Poland,145,15,0.43
Poland,578,31,0.29
Poland,536,6,0.2
Poland,857,17,0.49
Poland,1126,13,0.61
Poland,1223,13,0.31
Poland,470,32,0.53
Poland,1343,8,0.4
Poland,394,22,0.54
Poland,882,32,0.52
Poland,1207,13,0.9
Poland,482,14,0.21
Poland,708,13,0.65
Poland,217,12,0.4
Poland,671,13,0.41
Poland,267,9,0.21
Poland,856,19,0.25
Poland,658,26,0.29
Poland,820,32,0.4
Bulgaria,742,33,0.28
Bulgaria,485,22,0.48
Bulgaria,37,22,0.76
Bulgaria,435,30,0.6
Bulgaria,349,6,0.82
Bulgaria,56,22,0.45
Bulgaria,569,26,0.5
Bulgaria,558,15,0.61
Bulgaria,278,27,0.4
Bulgaria,72,23,0.12
Bulgaria,344,23,0.52
Bulgaria,555,9,0.32
Bulgaria,723,13,0.29
Bulgaria,39,22,0.12
Bulgaria,110,25,0.29
Bulgaria,309,19,0.34
Bulgaria,153,12,0.12
Bulgaria,578,29,0.26
Bulgaria,499,19,0.59
Bulgaria,178,24,0.31
Bulgaria,581,5,0.17
Bulgaria,7,24,0.25
Bulgaria,235,33,0.29
Bulgaria,591,33,0.21
Bulgaria,430,31,0.9
Bulgaria,305,5,0.4
Bulgaria,342,22,0.25
Bulgaria,289,32,0.45
Bulgaria,275,27,0.29
Bulgaria,644,24,0.25
Bulgaria,256,31,0.45
Bulgaria,450,14,0.42
Bulgaria,507,23,0.4
Bulgaria,346,23,0.61
Bulgaria,753,6,0.61
Bulgaria,248,31,0.37
Bulgaria,521,7,0.29
Bulgaria,131,26,0.37
Bulgaria,50,22,0.5
Bulgaria,616,22,0.9
Bulgaria,389,33,0.7
Bulgaria,48,22,0.4
Bulgaria,83,24,0.37
Bulgaria,704,5,0.78
Bulgaria,601,19,0.45
Bulgaria,471,16,0.29
Bulgaria,750,6,0.79
Bulgaria,94,25,0.52
Bulgaria,743,12,0.23
Bulgaria,271,6,0.55
Bulgaria,148,29,0.45
Bulgaria,547,29,0.5
Bulgaria,600,32,0.57
Bulgaria,466,5,0.9
Bulgaria,697,5,0.76
Bulgaria,510,22,0.4
Bulgaria,292,7,0.4
Bulgaria,604,32,0.9
Bulgaria,539,25,0.53
Bulgaria,300,5,0.9
Bulgaria,319,19,0.43
Bulgaria,290,8,0.3
Bulgaria,21,15,0.42
Bulgaria,2,19,0.44
Bulgaria,632,24,0.35
Bulgaria,200,18,0.46
Bulgaria,617,31,0.44
Bulgaria,260,31,0.38
Bulgaria,5,20,0.51
Bulgaria,734,3,0.52
Bulgaria,142,5,0.39
Bulgaria,677,6,0.52
Bulgaria,432,33,0.46
Bulgaria,218,30,0.36
Bulgaria,652,30,0.45
Bulgaria,667,29,0.9
Bulgaria,359,5,0.32
Bulgaria,149,23,0.41
Bulgaria,302,18,0.21
Bulgaria,407,33,0.4
Bulgaria,336,6,0.34
Bulgaria,217,30,0.26
Bulgaria,104,32,0.33
Bulgaria,531,31,0.65
Bulgaria,379,26,0.38
Bulgaria,673,26,0.4
Bulgaria,223,33,0.2
Bulgaria,573,9,0.32
Bulgaria,636,24,0.2
Bulgaria,653,25,0.2
Bulgaria,132,12,0.45
Bulgaria,202,18,0.46
Bulgaria,475,30,0.4
Bulgaria,263,31,0.49
Bulgaria,318,26,0.4
Bulgaria,698,5,0.69
Bulgaria,515,7,0.63
Bulgaria,126,26,0.4
Bulgaria,623,22,0.19
Bulgaria,188,24,0.27
Bulgaria,487,18,0.5
Bulgaria,322,19,0.18
Bulgaria,255,6,0.45
Bulgaria,708,5,0.61
Bulgaria,363,25,0.25
Bulgaria,230,30,0.4
Bulgaria,715,6,0.79
Bulgaria,226,6,0.4
Bulgaria,465,8,0.39
Bulgaria,605,32,0.32
Bulgaria,45,9,0.7
Bulgaria,9,25,0.55
Bulgaria,377,9,0.46
Bulgaria,717,12,0.43
Bulgaria,288,32,0.23
Bulgaria,297,18,0.38
Bulgaria,748,6,0.21
Bulgaria,647,29,0.46
Bulgaria,101,32,0.25
Bulgaria,245,30,0.25
Bulgaria,472,9,0.87
Bulgaria,140,6,0.53
Bulgaria,561,26,0.15
Bulgaria,211,5,0.2
Bulgaria,324,18,0.31
Bulgaria,728,4,0.21
Bulgaria,422,31,0.37
Bulgaria,32,21,0.18
Bulgaria,574,29,0.41
Bulgaria,4,19,0.27
Bulgaria,25,19,0.25
Bulgaria,102,25,0.59
Bulgaria,615,31,0.79
Bulgaria,311,23,0.57
Bulgaria,276,32,0.57
Bulgaria,308,29,0.21
Bulgaria,681,9,0.45
Bulgaria,646,29,0.39
Bulgaria,426,31,0.39
Bulgaria,52,15,0.54
Bulgaria,713,6,0.57
Bulgaria,620,30,0.55
Bulgaria,404,7,0.4
Bulgaria,351,9,0.62
Bulgaria,373,8,0.63
Bulgaria,42,21,0.52
Bulgaria,144,22,0.25
Bulgaria,684,33,0.19
Bulgaria,650,30,0.15
Bulgaria,659,29,0.58
Bulgaria,556,26,0.8
Bulgaria,213,30,0.7
Bulgaria,337,22,0.3
Bulgaria,143,22,0.46
Bulgaria,84,22,0.47
Bulgaria,769,8,0.41
Bulgaria,238,6,0.17
Bulgaria,588,33,0.29
Bulgaria,184,31,0.52
Bulgaria,761,7,0.4
Bulgaria,635,14,0.22
Bulgaria,17,19,0.35
Bulgaria,712,33,0.12
Bulgaria,284,32,0.27
Bulgaria,718,3,0.5
Bulgaria,654,25,0.4
Bulgaria,496,19,0.29
Bulgaria,511,23,0.12
Bulgaria,751,6,0.8
Bulgaria,651,25,0.37
Bulgaria,388,7,0.73
Bulgaria,495,22,0.48
Bulgaria,129,22,0.47
Bulgaria,170,9,0.73
Bulgaria,327,19,0.83
Bulgaria,498,19,0.53
Bulgaria,410,8,0.4
Bulgaria,164,30,0.26
Bulgaria,127,26,0.7
Bulgaria,57,22,0.52
Bulgaria,663,29,0.47
Bulgaria,369,24,0.22
Bulgaria,67,23,0.4
Bulgaria,528,25,0.4
Bulgaria,253,6,0.52
Bulgaria,690,33,0.41
Bulgaria,326,30,0.52
Bulgaria,23,16,0.29
Bulgaria,457,3,0.6
Bulgaria,281,6,0.12
Bulgaria,347,7,0.33
Bulgaria,716,33,0.67
Bulgaria,772,9,0.22
Bulgaria,268,31,0.29
Bulgaria,382,31,0.39
Bulgaria,544,15,0.27
Bulgaria,41,25,0.24
Bulgaria,285,32,0.6
Bulgaria,216,23,0.52
Bulgaria,394,14,0.57
Bulgaria,629,14,0.51
Bulgaria,747,5,0.86
Bulgaria,648,25,0.31
Bulgaria,701,9,0.7
Bulgaria,117,30,0.73
Bulgaria,35,5,0.69
Bulgaria,470,8,0.41
Bulgaria,680,5,0.48
Bulgaria,590,18,0.52
Bulgaria,660,9,0.9
Bulgaria,198,13,0.26
Bulgaria,250,33,0.25
Bulgaria,512,23,0.41
Bulgaria,71,26,0.31
Bulgaria,628,23,0.37
Bulgaria,293,19,0.44
Bulgaria,696,33,0.57
Bulgaria,123,23,0.22
Bulgaria,549,26,0.54
Bulgaria,412,29,0.4
Bulgaria,236,5,0.19
Bulgaria,265,31,0.48
Bulgaria,441,5,0.43
Bulgaria,169,24,0.27
Bulgaria,156,15,0.56
Bulgaria,517,32,0.34
Bulgaria,500,19,0.32
Bulgaria,19,26,0.16
Bulgaria,272,7,0.29
Bulgaria,100,25,0.25
Bulgaria,424,9,0.22
Bulgaria,374,24,0.8
Bulgaria,331,22,0.73
Bulgaria,506,7,0.72
Bulgaria,469,8,0.32
Bulgaria,171,29,0.57
Bulgaria,15,19,0.87
Bulgaria,303,18,0.65
Bulgaria,764,8,0.4
Bulgaria,201,18,0.32
Bulgaria,705,12,0.19
Bulgaria,350,23,0.45
Bulgaria,582,33,0.69
Bulgaria,477,7,0.42
Bulgaria,597,32,0.84
Bulgaria,657,29,0.17
Bulgaria,158,23,0.28
Bulgaria,332,22,0.24
Bulgaria,691,8,0.25
Bulgaria,758,7,0.45
Bulgaria,744,5,0.51
Bulgaria,630,23,0.4
Bulgaria,298,19,0.18
Bulgaria,121,19,0.23
Bulgaria,274,32,0.23
Bulgaria,540,25,0.53
Bulgaria,317,19,0.22
Bulgaria,383,25,0.25
Bulgaria,700,5,0.2
Bulgaria,219,30,0.19
Bulgaria,619,30,0.22
Bulgaria,105,18,0.25
Bulgaria,674,26,0.46
Bulgaria,375,26,0.57
Bulgaria,571,7,0.53
Bulgaria,735,3,0.67
Bulgaria,314,26,0.4
Bulgaria,611,19,0.9
Bulgaria,264,5,0.9
Bulgaria,503,22,0.52
Bulgaria,384,25,0.12
Bulgaria,239,33,0.12
Bulgaria,27,19,0.63
Bulgaria,258,31,0.12
Bulgaria,279,32,0.12
Bulgaria,755,6,0.33
Bulgaria,273,26,0.4
Bulgaria,497,22,0.68
Bulgaria,444,9,0.18
Bulgaria,480,6,0.29
Bulgaria,6,18,0.5
Bulgaria,128,19,0.22
Bulgaria,240,30,0.4
Bulgaria,267,5,0.12
Bulgaria,232,30,0.12
Bulgaria,139,8,0.9
Bulgaria,685,12,0.42
Bulgaria,563,26,0.12
Bulgaria,768,8,0.52
Bulgaria,313,25,0.45
Bulgaria,483,30,0.5
Bulgaria,572,29,0.5
Bulgaria,60,26,0.9
Bulgaria,109,18,0.65
Bulgaria,634,30,0.39
Bulgaria,82,26,0.12
Bulgaria,675,31,0.45
Bulgaria,518,24,0.9
Bulgaria,234,14,0.65
Bulgaria,345,23,0.9
Bulgaria,320,30,0.4
Bulgaria,423,31,0.9
Bulgaria,599,19,0.9
Bulgaria,670,26,0.76
Bulgaria,689,6,0.37
Bulgaria,770,8,0.9
Bulgaria,533,7,0.22
Bulgaria,380,25,0.28
Bulgaria,535,8,0.22
Bulgaria,147,13,0.4
Bulgaria,427,5,0.25
Bulgaria,745,5,0.12
Bulgaria,376,25,0.12
Bulgaria,736,3,0.9
Bulgaria,523,24,0.54
Bulgaria,215,18,0.26
Bulgaria,296,22,0.34
Bulgaria,541,30,0.37
Bulgaria,411,18,0.6
Bulgaria,63,33,0.37
Bulgaria,251,9,0.35
Bulgaria,564,30,0.23
Bulgaria,645,30,0.32
Bulgaria,12,20,0.27
Bulgaria,431,31,0.9
Bulgaria,413,18,0.73
Bulgaria,733,3,0.12
Bulgaria,70,25,0.35
Bulgaria,306,18,0.26
Bulgaria,55,22,0.37
Bulgaria,237,30,0.29
Bulgaria,270,8,0.23
Bulgaria,752,6,0.29
Bulgaria,1,17,0.26
Bulgaria,74,26,0.4
Bulgaria,488,18,0.39
Bulgaria,180,31,0.29
Bulgaria,553,25,0.45
Bulgaria,607,22,0.12
Bulgaria,192,24,0.57
Bulgaria,719,33,0.29
Bulgaria,340,22,0.4
Bulgaria,666,8,0.9
Bulgaria,649,25,0.32
Bulgaria,262,6,0.29
Bulgaria,79,23,0.25
Bulgaria,62,22,0.9
Bulgaria,295,18,0.48
Bulgaria,633,30,0.57
Bulgaria,80,29,0.42
Bulgaria,138,5,0.25
Bulgaria,399,29,0.29
Bulgaria,589,18,0.22
Bulgaria,695,33,0.26
Bulgaria,478,8,0.4
Bulgaria,554,7,0.57
Bulgaria,661,26,0.57
Bulgaria,702,5,0.32
Bulgaria,402,33,0.22
Bulgaria,266,15,0.26
Bulgaria,568,26,0.12
Bulgaria,631,23,0.5
Bulgaria,90,23,0.32
Bulgaria,78,23,0.52
Bulgaria,439,9,0.37
Bulgaria,746,5,0.22
Bulgaria,304,29,0.5
Bulgaria,43,22,0.25
Bulgaria,451,30,0.26
Bulgaria,754,6,0.37
Bulgaria,329,19,0.53
Bulgaria,26,19,0.4
Bulgaria,443,7,0.45
Bulgaria,73,23,0.4
Bulgaria,194,31,0.21
Bulgaria,491,19,0.45
Bulgaria,682,33,0.45
Bulgaria,111,25,0.4
Bulgaria,330,22,0.55
Bulgaria,519,23,0.57
Bulgaria,396,19,0.9
Bulgaria,414,14,0.22
Bulgaria,33,19,0.9
Bulgaria,621,30,0.5
Bulgaria,299,19,0.49
Bulgaria,446,32,0.45
Bulgaria,570,13,0.5
Bulgaria,598,32,0.51
Bulgaria,190,25,0.55
Bulgaria,461,5,0.9
Bulgaria,116,18,0.12
Bulgaria,566,26,0.45
Bulgaria,10,19,0.45
Bulgaria,688,33,0.4
Bulgaria,11,20,0.55
Bulgaria,291,5,0.45
Bulgaria,672,26,0.82
Bulgaria,520,23,0.65
Bulgaria,537,29,0.5
Bulgaria,352,6,0.52
Bulgaria,577,29,0.32
Bulgaria,405,32,0.4
Bulgaria,378,29,0.9
Bulgaria,595,18,0.84
Bulgaria,222,30,0.6
Bulgaria,474,8,0.5
Bulgaria,724,7,0.47
Bulgaria,721,7,0.26
Bulgaria,686,33,0.9
Bulgaria,501,22,0.25
Bulgaria,567,14,0.12
Bulgaria,124,26,0.82
Bulgaria,693,33,0.5
Bulgaria,694,6,0.72
Bulgaria,179,25,0.29
Bulgaria,467,5,0.27
Bulgaria,504,22,0.72
Bulgaria,622,22,0.3
Bulgaria,328,17,0.8
Bulgaria,65,25,0.24
Bulgaria,608,32,0.8
Bulgaria,307,19,0.54
Bulgaria,664,5,0.79
Bulgaria,655,31,0.7
Bulgaria,286,32,0.59
Bulgaria,229,26,0.84
Bulgaria,145,22,0.84
Bulgaria,113,6,0.53
Bulgaria,596,19,0.2
Bulgaria,204,29,0.29
Bulgaria,760,7,0.25
Bulgaria,51,26,0.85
Bulgaria,58,32,0.29
Bulgaria,508,13,0.9
Bulgaria,38,22,0.73
Bulgaria,425,31,0.8
Bulgaria,122,22,0.19
Bulgaria,456,32,0.16
Bulgaria,280,5,0.9
Bulgaria,709,12,0.77
Bulgaria,343,5,0.22
Bulgaria,416,30,0.52
Bulgaria,212,33,0.27
Bulgaria,532,24,0.84
Bulgaria,551,12,0.84
Bulgaria,447,19,0.2
Bulgaria,449,30,0.49
Bulgaria,436,31,0.6
Bulgaria,460,31,0.85
Bulgaria,393,17,0.9
Bulgaria,141,26,0.85
Bulgaria,624,23,0.55
Bulgaria,8,26,0.86
Bulgaria,68,25,0.47
Bulgaria,3,18,0.7
Bulgaria,76,5,0.84
Bulgaria,335,23,0.76
Bulgaria,710,6,0.2
Bulgaria,763,7,0.45
Bulgaria,610,22,0.2
Bulgaria,341,7,0.12
Bulgaria,77,6,0.6
Bulgaria,30,19,0.9
Bulgaria,22,19,0.9
Bulgaria,438,30,0.76
Bulgaria,448,30,0.9
Bulgaria,118,19,0.9
Bulgaria,642,24,0.27
Bulgaria,453,19,0.75
Bulgaria,108,25,0.32
Bulgaria,47,5,0.9
Bulgaria,459,31,0.7
Bulgaria,662,5,0.87
Bulgaria,315,5,0.43
Bulgaria,409,8,0.29
Bulgaria,609,32,0.55
Bulgaria,418,8,0.9
Bulgaria,484,31,0.79
Bulgaria,594,18,0.25
Bulgaria,206,29,0.48
Bulgaria,490,19,0.12
Bulgaria,741,4,0.32
Bulgaria,333,22,0.69
Bulgaria,714,3,0.4
Bulgaria,93,24,0.2
Bulgaria,639,24,0.12
Bulgaria,86,25,0.42
Bulgaria,150,23,0.42
Bulgaria,767,8,0.41
Bulgaria,468,8,0.39
Bulgaria,550,25,0.26
Bulgaria,612,31,0.26
Bulgaria,493,18,0.54
Bulgaria,455,12,0.12
Bulgaria,440,30,0.25
Bulgaria,584,33,0.4
Bulgaria,390,33,0.32
Bulgaria,360,24,0.4
Bulgaria,96,24,0.18
Bulgaria,161,29,0.83
Bulgaria,683,33,0.24
Bulgaria,325,18,0.23
Bulgaria,353,6,0.22
Bulgaria,159,14,0.29
Bulgaria,502,19,0.9
Bulgaria,732,7,0.84
Bulgaria,244,7,0.8
Bulgaria,87,32,0.19
Bulgaria,28,24,0.38
Bulgaria,618,22,0.31
Bulgaria,183,24,0.43
Bulgaria,514,9,0.25
Bulgaria,181,24,0.18
Bulgaria,738,4,0.26
Bulgaria,762,4,0.52
Bulgaria,479,6,0.26
Hungary,200,18,0.12
Hungary,773,19,0.34
Hungary,444,31,0.25
Hungary,34,23,0.29
Hungary,504,19,0.18
Hungary,37,9,0.48
Hungary,452,23,0.48
Hungary,361,17,0.21
Hungary,57,9,0.34
Hungary,305,13,0.7
Hungary,472,23,0.53
Hungary,592,26,0.4
Hungary,583,17,0.61
Hungary,758,16,0.65
Hungary,581,26,0.17
Hungary,289,23,0.32
Hungary,74,9,0.12
Hungary,356,16,0.47
Hungary,578,23,0.63
Hungary,561,26,0.45
Hungary,40,30,0.26
Hungary,698,16,0.45
Hungary,112,20,0.25
Hungary,709,20,0.26
Hungary,320,31,0.43
Hungary,155,11,0.5
Hungary,601,26,0.41
Hungary,770,17,0.77
Hungary,90,31,0.37
Hungary,604,12,0.51
Hungary,7,10,0.31
Hungary,614,13,0.9
Hungary,447,12,0.2
Hungary,316,19,0.35
Hungary,354,24,0.32
Hungary,670,17,0.24
Hungary,451,25,0.48
Hungary,265,13,0.55
Hungary,468,23,0.32
Hungary,528,24,0.52
Hungary,542,25,0.32
Hungary,133,11,0.63
Hungary,51,10,0.61
Hungary,639,16,0.34
Hungary,697,12,0.26
Hungary,402,18,0.53
Hungary,49,25,0.32
Hungary,85,11,0.12
Hungary,575,25,0.45
Hungary,50,30,0.37
Hungary,624,13,0.9
Hungary,288,11,0.12
Hungary,782,19,0.8
Hungary,96,30,0.32
Hungary,774,23,0.3
Hungary,804,16,0.2
Hungary,282,24,0.31
Hungary,159,17,0.32
Hungary,570,17,0.32
Hungary,623,25,0.52
Hungary,135,11,0.57
Hungary,412,18,0.57
Hungary,534,12,0.7
Hungary,323,13,0.57
Hungary,531,31,0.55
Hungary,500,20,0.9
Hungary,627,23,0.48
Hungary,562,24,0.7
Hungary,742,23,0.18
Hungary,311,12,0.26
Hungary,330,25,0.37
Hungary,301,12,0.86
Hungary,176,12,0.71
Hungary,580,23,0.68
Hungary,21,13,0.24
Hungary,2,23,0.8
Hungary,640,17,0.16
Hungary,269,20,0.31
Hungary,5,9,0.68
Hungary,706,27,0.56
Hungary,225,13,0.46
Hungary,680,17,0.12
Hungary,696,24,0.57
Hungary,371,30,0.56
Hungary,151,10,0.47
Hungary,313,12,0.45
Hungary,415,16,0.59
Hungary,549,27,0.43
Hungary,788,16,0.32
Hungary,554,12,0.28
Hungary,702,18,0.32
Hungary,681,25,0.12
Hungary,91,17,0.26
Hungary,207,13,0.18
Hungary,272,24,0.52
Hungary,708,19,0.52
Hungary,198,32,0.12
Hungary,526,12,0.48
Hungary,215,12,0.4
Hungary,536,24,0.34
Hungary,128,24,0.49
Hungary,470,25,0.56
Hungary,646,24,0.26
Hungary,193,12,0.55
Hungary,264,10,0.76
Hungary,738,20,0.54
Hungary,376,11,0.16
Hungary,238,20,0.22
Hungary,746,13,0.48
Hungary,435,18,0.52
Hungary,234,12,0.27
Hungary,270,19,0.18
Hungary,484,16,0.4
Hungary,46,12,0.25
Hungary,9,30,0.32
Hungary,100,30,0.46
Hungary,390,24,0.52
Hungary,299,23,0.25
Hungary,308,12,0.24
Hungary,154,26,0.23
Hungary,779,17,0.53
Hungary,673,30,0.18
Hungary,753,18,0.45
Hungary,103,12,0.35
Hungary,254,10,0.39
Hungary,491,27,0.4
Hungary,142,18,0.57
Hungary,584,12,0.35
Hungary,511,26,0.58
Hungary,232,23,0.32
Hungary,335,18,0.85
Hungary,495,17,0.85
Hungary,759,30,0.37
Hungary,438,19,0.71
Hungary,32,18,0.6
Hungary,597,13,0.46
Hungary,25,10,0.8
Hungary,104,16,0.2
Hungary,638,32,0.14
Hungary,789,19,0.8
Hungary,322,17,0.77
Hungary,756,13,0.37
Hungary,41,17,0.55
Hungary,287,11,0.44
Hungary,381,26,0.29
Hungary,319,23,0.45
Hungary,13,9,0.58
Hungary,711,27,0.23
Hungary,442,23,0.15
Hungary,53,10,0.55
Hungary,153,12,0.3
Hungary,210,31,0.12
Hungary,235,12,0.4
Hungary,420,25,0.49
Hungary,363,13,0.25
Hungary,228,11,0.4
Hungary,43,24,0.42
Hungary,648,17,0.51
Hungary,146,16,0.44
Hungary,156,12,0.69
Hungary,380,26,0.27
Hungary,559,18,0.29
Hungary,714,16,0.71
Hungary,717,13,0.32
Hungary,677,32,0.12
Hungary,650,32,0.55
Hungary,688,16,0.21
Hungary,637,12,0.17
Hungary,579,18,0.26
Hungary,218,20,0.28
Hungary,349,16,0.4
Hungary,145,12,0.28
Hungary,419,16,0.76
Hungary,86,10,0.19
Hungary,71,26,0.16
Hungary,802,24,0.8
Hungary,611,26,0.26
Hungary,384,12,0.73
Hungary,17,9,0.21
Hungary,208,11,0.5
Hungary,179,17,0.24
Hungary,516,16,0.2
Hungary,532,24,0.78
Hungary,177,10,0.23
Hungary,783,31,0.59
Hungary,401,17,0.16
Hungary,174,19,0.12
Hungary,186,11,0.47
Hungary,463,16,0.35
Hungary,339,16,0.23
Hungary,799,19,0.65
Hungary,518,13,0.4
Hungary,18,25,0.4
Hungary,426,18,0.49
Hungary,687,20,0.26
Hungary,167,16,0.61
Hungary,669,16,0.22
Hungary,129,17,0.26
Hungary,58,10,0.51
Hungary,692,18,0.5
Hungary,382,17,0.51
Hungary,69,26,0.32
Hungary,550,26,0.45
Hungary,162,23,0.18
Hungary,398,27,0.33
Hungary,552,25,0.2
Hungary,29,26,0.21
Hungary,476,16,0.26
Hungary,165,12,0.29
Hungary,359,16,0.36
Hungary,747,20,0.45
Hungary,805,32,0.85
Hungary,278,11,0.12
Hungary,395,30,0.52
Hungary,762,18,0.81
Hungary,567,12,0.21
Hungary,366,19,0.18
Hungary,42,19,0.45
Hungary,296,17,0.2
Hungary,407,11,0.22
Hungary,778,16,0.56
Hungary,674,13,0.32
Hungary,731,30,0.26
Hungary,35,10,0.5
Hungary,367,11,0.4
Hungary,489,20,0.43
Hungary,710,17,0.21
Hungary,613,32,0.36
Hungary,689,30,0.31
Hungary,169,19,0.39
Hungary,321,12,0.12
Hungary,203,32,0.23
Hungary,791,26,0.24
Hungary,533,17,0.4
Hungary,652,23,0.17
Hungary,304,11,0.35
Hungary,722,23,0.26
Hungary,726,23,0.37
Hungary,125,12,0.22
Hungary,572,20,0.44
Hungary,428,13,0.7
Hungary,274,10,0.29
Hungary,458,16,0.52
Hungary,173,24,0.23
Hungary,158,10,0.32
Hungary,538,32,0.18
Hungary,283,13,0.41
Hungary,99,30,0.23
Hungary,102,18,0.7
Hungary,440,26,0.24
Hungary,387,11,0.12
Hungary,751,27,0.5
Hungary,343,13,0.48
Hungary,136,10,0.43
Hungary,97,10,0.44
Hungary,488,20,0.61
Hungary,175,26,0.4
Hungary,15,9,0.24
Hungary,314,11,0.45
Hungary,797,20,0.51
Hungary,67,24,0.36
Hungary,206,10,0.3
Hungary,508,13,0.23
Hungary,362,17,0.39
Hungary,514,12,0.6
Hungary,616,25,0.26
Hungary,684,13,0.79
Hungary,605,18,0.52
Hungary,496,17,0.39
Hungary,620,30,0.59
Hungary,87,11,0.36
Hungary,344,11,0.4
Hungary,775,19,0.61
Hungary,655,27,0.5
Hungary,309,23,0.22
Hungary,123,11,0.37
Hungary,285,31,0.57
Hungary,127,10,0.12
Hungary,328,12,0.25
Hungary,730,17,0.12
Hungary,226,23,0.2
Hungary,729,16,0.24
Hungary,642,17,0.19
Hungary,107,10,0.37
Hungary,431,26,0.16
Hungary,388,12,0.53
Hungary,594,20,0.6
Hungary,77,26,0.61
Hungary,351,16,0.79
Hungary,766,13,0.55
Hungary,325,31,0.68
Hungary,273,11,0.6
Hungary,524,20,0.65
Hungary,505,23,0.22
Hungary,166,20,0.3
Hungary,258,19,0.32
Hungary,397,11,0.81
Hungary,27,10,0.23
Hungary,267,31,0.82
Hungary,290,20,0.32
Hungary,109,26,0.12
Hungary,284,16,0.67
Hungary,517,13,0.25
Hungary,462,32,0.21
Hungary,6,10,0.4
Hungary,130,23,0.4
Hungary,433,16,0.31
Hungary,249,32,0.52
Hungary,277,11,0.32
Hungary,240,19,0.46
Hungary,141,17,0.29
Hungary,608,25,0.12
Hungary,368,23,0.4
Hungary,586,32,0.4
Hungary,801,26,0.77
Hungary,261,26,0.6
Hungary,501,27,0.17
Hungary,16,9,0.26
Hungary,454,11,0.55
Hungary,585,18,0.4
Hungary,324,11,0.41
Hungary,615,26,0.12
Hungary,460,25,0.37
Hungary,502,26,0.37
Hungary,595,17,0.37
Hungary,61,10,0.2
Hungary,111,17,0.52
Hungary,659,25,0.25
Hungary,704,13,0.8
Hungary,445,17,0.21
Hungary,539,31,0.54
Hungary,243,12,0.31
Hungary,357,23,0.53
Hungary,331,30,0.7
Hungary,439,16,0.29
Hungary,622,19,0.61
Hungary,699,19,0.5
Hungary,719,16,0.3
Hungary,803,19,0.5
Hungary,598,30,0.3
Hungary,556,24,0.25
Hungary,629,19,0.29
Hungary,393,25,0.12
Hungary,36,32,0.7
Hungary,558,17,0.27
Hungary,149,17,0.32
Hungary,443,16,0.17
Hungary,665,18,0.25
Hungary,776,13,0.29
Hungary,389,24,0.25
Hungary,767,25,0.51
Hungary,54,9,0.22
Hungary,114,10,0.19
Hungary,568,13,0.27
Hungary,544,12,0.8
Hungary,222,23,0.41
Hungary,564,12,0.4
Hungary,427,23,0.14
Hungary,64,10,0.23
Hungary,587,19,0.24
Hungary,12,10,0.12
Hungary,448,12,0.33
Hungary,20,32,0.12
Hungary,764,13,0.39
Hungary,72,18,0.37
Hungary,56,9,0.32
Hungary,246,11,0.26
Hungary,625,18,0.14
Hungary,280,20,0.63
Hungary,784,20,0.4
Hungary,1,30,0.47
Hungary,65,10,0.52
Hungary,76,16,0.17
Hungary,346,11,0.21
Hungary,184,10,0.37
Hungary,576,24,0.3
Hungary,630,19,0.25
Hungary,404,16,0.16
Hungary,197,10,0.5
Hungary,750,17,0.21
Hungary,352,17,0.45
Hungary,695,19,0.27
Hungary,385,16,0.49
Hungary,492,24,0.48
Hungary,117,10,0.73
Hungary,676,23,0.54
Hungary,55,10,0.34
Hungary,271,12,0.53
Hungary,81,26,0.42
Hungary,436,19,0.5
Hungary,298,12,0.29
Hungary,610,24,0.12
Hungary,63,10,0.32
Hungary,377,32,0.23
Hungary,148,24,0.31
Hungary,609,18,0.32
Hungary,306,11,0.4
Hungary,658,13,0.32
Hungary,82,10,0.12
Hungary,213,24,0.6
Hungary,140,17,0.12
Hungary,612,17,0.29
Hungary,725,19,0.52
Hungary,497,24,0.56
Hungary,577,12,0.52
Hungary,219,17,0.5
Hungary,690,17,0.12
Hungary,383,24,0.6
Hungary,732,18,0.39
Hungary,418,24,0.5
Hungary,276,20,0.73
Hungary,591,26,0.12
Hungary,656,25,0.58
Hungary,92,18,0.25
Hungary,256,23,0.2
Hungary,636,32,0.45
Hungary,80,31,0.35
Hungary,456,13,0.37
Hungary,252,24,0.65
Hungary,777,19,0.22
Hungary,315,16,0.49
Hungary,44,25,0.2
Hungary,469,20,0.27
Hungary,786,13,0.21
Hungary,341,26,0.46
Hungary,379,16,0.8
Hungary,26,18,0.29
Hungary,737,32,0.82
Hungary,461,30,0.34
Hungary,75,11,0.32
Hungary,139,24,0.43
Hungary,350,20,0.12
Hungary,666,32,0.23
Hungary,510,30,0.45
Hungary,712,18,0.4
Hungary,113,27,0.22
Hungary,342,18,0.26
Hungary,430,20,0.29
Hungary,192,23,0.42
Hungary,33,10,0.4
Hungary,644,13,0.45
Hungary,310,20,0.43
Hungary,24,32,0.12
Hungary,464,19,0.12
Hungary,409,32,0.56
Hungary,593,30,0.26
Hungary,621,27,0.34
Hungary,195,12,0.54
Hungary,480,20,0.34
Hungary,118,10,0.2
Hungary,545,30,0.52
Hungary,589,16,0.29
Hungary,10,25,0.66
Hungary,602,27,0.63
Hungary,718,13,0.52
Hungary,101,13,0.41
Hungary,11,13,0.19
Hungary,302,24,0.27
Hungary,701,26,0.2
Hungary,541,27,0.36
Hungary,569,19,0.52
Hungary,530,20,0.45
Hungary,600,17,0.8
Hungary,421,26,0.29
Hungary,694,13,0.52
Hungary,391,17,0.2
Hungary,230,19,0.12
Hungary,334,12,0.29
Hungary,493,25,0.9
Hungary,172,27,0.52
Hungary,755,19,0.18
Hungary,369,16,0.9
Hungary,752,30,0.61
Hungary,716,13,0.45
Hungary,522,24,0.32
Hungary,590,27,0.83
Hungary,168,10,0.12
Hungary,126,11,0.21
Hungary,137,16,0.24
Hungary,723,27,0.51
Hungary,724,20,0.65
Hungary,183,12,0.37
Hungary,486,12,0.79
Hungary,525,32,0.12
Hungary,340,20,0.12
Hungary,189,23,0.52
Hungary,66,12,0.32
Hungary,318,23,0.71
Hungary,693,18,0.42
Hungary,683,30,0.66
Hungary,297,11,0.4
Hungary,115,12,0.29
Hungary,370,20,0.53
Hungary,619,32,0.54
Hungary,209,32,0.43
Hungary,31,11,0.14
Hungary,312,17,0.47
Hungary,792,23,0.27
Hungary,52,19,0.12
Hungary,38,32,0.59
Hungary,441,26,0.32
Hungary,124,23,0.21
Hungary,105,11,0.45
Hungary,475,17,0.29
Hungary,291,11,0.12
Hungary,739,16,0.25
Hungary,217,10,0.9
Hungary,555,32,0.19
Hungary,465,26,0.5
Hungary,406,12,0.26
Hungary,399,16,0.79
Hungary,143,32,0.61
Hungary,647,24,0.12
Hungary,8,23,0.4
Hungary,70,30,0.83
Hungary,3,9,0.5
Hungary,78,11,0.37
Hungary,347,16,0.2
Hungary,740,17,0.27
Hungary,796,32,0.6
Hungary,108,11,0.23
Hungary,353,32,0.42
Hungary,79,27,0.27
Hungary,250,19,0.6
Hungary,760,17,0.38
Hungary,30,31,0.12
Hungary,22,10,0.4
Hungary,455,26,0.12
Hungary,405,25,0.45
Hungary,229,20,0.22
Hungary,466,12,0.26
Hungary,757,13,0.25
Hungary,14,10,0.44
Hungary,483,25,0.71
Hungary,178,11,0.29
Hungary,157,20,0.45
Hungary,120,19,0.45
Hungary,668,16,0.22
Hungary,557,26,0.37
Hungary,170,17,0.17
Hungary,547,12,0.4
Hungary,471,30,0.21
Hungary,110,30,0.58
Hungary,48,10,0.37
Hungary,691,30,0.35
Hungary,326,23,0.26
Hungary,425,25,0.7
Hungary,632,18,0.3
Hungary,434,20,0.16
Hungary,503,16,0.12
Hungary,47,18,0.21
Hungary,94,9,0.32
Hungary,617,12,0.2
Hungary,211,13,0.28
Hungary,509,24,0.37
Hungary,394,11,0.61
Hungary,345,13,0.55
Hungary,649,19,0.53
Hungary,745,19,0.27
Hungary,204,10,0.4
Hungary,482,25,0.27
Hungary,664,13,0.12
Hungary,88,25,0.36
Hungary,293,18,0.12
Hungary,152,10,0.12
Hungary,201,26,0.19
Hungary,800,17,0.65
Hungary,487,12,0.2
Hungary,266,23,0.4
Hungary,242,26,0.82
Hungary,513,17,0.5
Hungary,474,12,0.12
Hungary,457,27,0.8
Hungary,607,12,0.49
Hungary,403,13,0.42
Hungary,374,11,0.12
Hungary,98,24,0.16
Hungary,768,20,0.2
Hungary,713,18,0.32
Hungary,336,12,0.83
Hungary,365,16,0.34
Hungary,161,26,0.37
Hungary,523,27,0.58
Hungary,761,26,0.26
Hungary,253,13,0.5
Hungary,332,17,0.45
Hungary,89,26,0.82
Hungary,214,20,0.43
Hungary,641,27,0.52
Hungary,180,23,0.39
Hungary,535,18,0.6
Hungary,769,17,0.26
Hungary,794,13,0.76
Hungary,498,13,0.2
Hungary,473,25,0.52
Hungary,220,18,0.29
Hungary,707,32,0.29
Hungary,780,17,0.5
Hungary,795,20,0.26
Hungary,520,23,0.9
Hungary,275,16,0.39
Hungary,281,26,0.3
Hungary,337,11,0.57
Hungary,227,11,0.5
Hungary,512,23,0.47
Hungary,416,24,0.9
Hungary,548,13,0.54
Hungary,241,16,0.17
Hungary,667,16,0.26
Hungary,68,10,0.22
Hungary,654,13,0.27
Hungary,408,12,0.42
Hungary,411,26,0.48
Hungary,459,23,0.39
Hungary,221,16,0.2
Hungary,551,27,0.29
Hungary,679,20,0.41
Romania,201,23,0.73
Romania,782,23,0.4
Romania,280,31,0.57
Romania,446,27,0.8
Romania,35,26,0.78
Romania,507,11,0.82
Romania,454,28,0.7
Romania,363,30,0.78
Romania,306,4,0.68
Romania,597,23,0.8
Romania,767,3,0.81
Romania,585,13,0.41
Romania,290,17,0.27
Romania,546,31,0.48
Romania,358,23,0.48
Romania,582,31,0.52
Romania,763,30,0.4
Romania,192,27,0.12
Romania,564,11,0.51
Romania,41,19,0.33
Romania,113,28,0.39
Romania,716,27,0.56
Romania,156,28,0.43
Romania,522,3,0.37
Romania,183,9,0.36
Romania,7,15,0.45
Romania,245,29,0.12
Romania,619,23,0.12
Romania,449,27,0.31
Romania,356,21,0.35
Romania,287,28,0.19
Romania,402,22,0.34
Romania,677,28,0.12
Romania,453,32,0.32
Romania,470,28,0.23
Romania,531,23,0.41
Romania,360,3,0.27
Romania,794,6,0.37
Romania,258,30,0.2
Romania,134,23,0.27
Romania,556,23,0.32
Romania,645,26,0.32
Romania,704,29,0.52
Romania,50,32,0.56
Romania,578,23,0.84
Romania,743,12,0.42
Romania,479,4,0.78
Romania,51,19,0.24
Romania,629,21,0.4
Romania,493,30,0.27
Romania,289,27,0.32
Romania,791,12,0.34
Romania,97,24,0.24
Romania,783,23,0.45
Romania,813,26,0.44
Romania,283,27,0.31
Romania,151,21,0.8
Romania,573,23,0.9
Romania,628,20,0.9
Romania,136,20,0.57
Romania,414,25,0.76
Romania,487,18,0.76
Romania,534,23,0.65
Romania,304,29,0.83
Romania,751,12,0.73
Romania,332,20,0.82
Romania,177,31,0.9
Romania,21,25,0.9
Romania,2,19,0.84
Romania,663,28,0.78
Romania,256,28,0.32
Romania,540,22,0.71
Romania,270,9,0.48
Romania,145,6,0.32
Romania,713,29,0.45
Romania,451,13,0.72
Romania,226,13,0.4
Romania,687,28,0.9
Romania,703,29,0.53
Romania,373,26,0.79
Romania,314,20,0.15
Romania,417,29,0.12
Romania,425,25,0.9
Romania,797,19,0.23
Romania,225,25,0.9
Romania,107,32,0.78
Romania,557,23,0.63
Romania,394,22,0.79
Romania,232,30,0.32
Romania,601,3,0.51
Romania,667,11,0.55
Romania,688,28,0.34
Romania,92,19,0.29
Romania,715,30,0.12
Romania,419,26,0.39
Romania,736,12,0.61
Romania,539,22,0.24
Romania,426,26,0.44
Romania,472,28,0.54
Romania,652,9,0.5
Romania,509,11,0.54
Romania,747,12,0.2
Romania,378,3,0.18
Romania,755,12,0.12
Romania,437,22,0.23
Romania,235,27,0.43
Romania,271,29,0.87
Romania,486,30,0.21
Romania,9,10,0.34
Romania,61,21,0.32
Romania,392,22,0.51
Romania,757,4,0.83
Romania,300,29,0.51
Romania,309,19,0.55
Romania,762,11,0.51
Romania,255,33,0.87
Romania,264,28,0.41
Romania,143,23,0.22
Romania,217,27,0.82
Romania,514,27,0.4
Romania,233,12,0.26
Romania,337,20,0.45
Romania,498,3,0.9
Romania,440,23,0.22
Romania,33,20,0.27
Romania,203,19,0.46
Romania,4,19,0.52
Romania,25,29,0.5
Romania,644,9,0.84
Romania,765,33,0.27
Romania,288,28,0.27
Romania,383,22,0.28
Romania,321,27,0.83
Romania,13,20,0.15
Romania,679,18,0.9
Romania,444,23,0.45
Romania,154,4,0.59
Romania,669,11,0.9
Romania,649,9,0.24
Romania,422,30,0.84
Romania,365,4,0.2
Romania,229,31,0.69
Romania,44,9,0.2
Romania,654,28,0.35
Romania,147,21,0.37
Romania,157,31,0.17
Romania,382,21,0.19
Romania,721,30,0.7
Romania,724,23,0.57
Romania,684,18,0.64
Romania,656,9,0.32
Romania,695,26,0.5
Romania,583,25,0.23
Romania,351,26,0.42
Romania,146,6,0.48
Romania,421,3,0.29
Romania,87,21,0.52
Romania,72,20,0.23
Romania,811,27,0.48
Romania,666,10,0.17
Romania,17,16,0.7
Romania,752,12,0.24
Romania,180,31,0.37
Romania,296,33,0.57
Romania,758,18,0.31
Romania,689,26,0.73
Romania,519,28,0.15
Romania,535,32,0.7
Romania,178,22,0.9
Romania,685,18,0.6
Romania,403,23,0.3
Romania,175,22,0.26
Romania,521,21,0.87
Romania,18,10,0.32
Romania,428,26,0.45
Romania,694,20,0.15
Romania,168,6,0.29
Romania,676,18,0.27
Romania,130,9,0.2
Romania,384,22,0.2
Romania,237,27,0.4
Romania,452,26,0.37
Romania,553,13,0.43
Romania,263,29,0.25
Romania,340,23,0.41
Romania,163,21,0.36
Romania,555,23,0.78
Romania,478,29,0.37
Romania,756,33,0.73
Romania,814,27,0.45
Romania,279,13,0.23
Romania,771,11,0.32
Romania,570,25,0.49
Romania,43,10,0.9
Romania,297,3,0.27
Romania,224,21,0.73
Romania,329,23,0.41
Romania,409,18,0.7
Romania,659,10,0.59
Romania,787,5,0.5
Romania,681,18,0.25
Romania,712,29,0.22
Romania,133,19,0.81
Romania,36,19,0.19
Romania,369,22,0.48
Romania,492,30,0.4
Romania,717,26,0.32
Romania,618,30,0.4
Romania,170,22,0.7
Romania,204,5,0.9
Romania,800,26,0.48
Romania,536,17,0.2
Romania,74,20,0.25
Romania,305,30,0.25
Romania,734,23,0.64
Romania,126,31,0.32
Romania,575,23,0.47
Romania,430,23,0.45
Romania,275,25,0.28
Romania,174,11,0.84
Romania,159,26,0.18
Romania,541,16,0.9
Romania,380,26,0.23
Romania,524,27,0.5
Romania,19,19,0.26
Romania,284,4,0.29
Romania,103,20,0.73
Romania,760,33,0.65
Romania,742,32,0.39
Romania,439,12,0.39
Romania,98,20,0.28
Romania,491,30,0.62
Romania,176,22,0.37
Romania,604,26,0.17
Romania,806,5,0.25
Romania,68,26,0.23
Romania,207,20,0.36
Romania,511,30,0.28
Romania,744,11,0.27
Romania,517,18,0.45
Romania,499,3,0.42
Romania,625,30,0.5
Romania,88,21,0.25
Romania,295,33,0.29
Romania,346,26,0.8
Romania,784,19,0.27
Romania,310,31,0.5
Romania,124,24,0.52
Romania,128,30,0.39
Romania,330,20,0.62
Romania,738,12,0.82
Romania,227,30,0.46
Romania,648,28,0.12
Romania,108,32,0.76
Romania,433,22,0.34
Romania,390,23,0.59
Romania,353,26,0.16
Romania,240,33,0.4
Romania,327,31,0.12
Romania,527,32,0.45
Romania,508,13,0.86
Romania,167,20,0.85
Romania,259,28,0.65
Romania,399,23,0.37
Romania,249,29,0.4
Romania,28,10,0.12
Romania,268,30,0.73
Romania,110,28,0.32
Romania,796,20,0.12
Romania,520,27,0.2
Romania,502,4,0.28
Romania,6,23,0.12
Romania,435,26,0.14
Romania,241,29,0.42
Romania,142,28,0.23
Romania,195,29,0.4
Romania,613,20,0.82
Romania,591,30,0.47
Romania,262,29,0.53
Romania,504,4,0.37
Romania,456,27,0.42
Romania,590,27,0.23
Romania,326,27,0.3
Romania,620,30,0.42
Romania,462,29,0.9
Romania,505,11,0.36
Romania,600,32,0.5
Romania,62,20,0.12
Romania,112,27,0.84
Romania,665,10,0.24
Romania,85,33,0.29
Romania,711,32,0.42
Romania,447,28,0.19
Romania,668,10,0.9
Romania,542,22,0.8
Romania,706,29,0.22
Romania,395,26,0.26
Romania,561,16,0.43
Romania,150,21,0.26
Romania,445,23,0.23
Romania,790,5,0.14
Romania,776,33,0.33
Romania,115,25,0.4
Romania,547,27,0.5
Romania,223,12,0.21
Romania,65,20,0.32
Romania,592,16,0.47
Romania,12,30,0.3
Romania,20,20,0.26
Romania,773,10,0.38
Romania,73,9,0.9
Romania,319,4,0.72
Romania,57,19,0.47
Romania,630,21,0.12
Romania,281,27,0.5
Romania,793,20,0.32
Romania,745,32,0.59
Romania,1,15,0.42
Romania,66,29,0.4
Romania,348,22,0.78
Romania,182,25,0.59
Romania,510,12,0.52
Romania,185,32,0.21
Romania,636,3,0.2
Romania,198,19,0.26
Romania,759,10,0.54
Romania,702,20,0.45
Romania,387,33,0.25
Romania,495,3,0.37
Romania,118,27,0.2
Romania,683,18,0.52
Romania,56,20,0.39
Romania,272,28,0.37
Romania,438,23,0.2
Romania,615,30,0.41
Romania,149,32,0.19
Romania,614,30,0.37
Romania,664,28,0.61
Romania,197,29,0.15
Romania,568,17,0.25
Romania,214,20,0.82
Romania,416,19,0.59
Romania,617,30,0.61
Romania,500,3,0.42
Romania,220,31,0.73
Romania,697,29,0.48
Romania,385,22,0.57
Romania,741,11,0.52
Romania,420,27,0.2
Romania,277,16,0.48
Romania,596,17,0.52
Romania,662,28,0.3
Romania,642,26,0.12
Romania,81,19,0.5
Romania,786,12,0.5
Romania,316,31,0.4
Romania,795,20,0.14
Romania,343,21,0.44
Romania,26,21,0.22
Romania,746,12,0.4
Romania,463,27,0.18
Romania,76,19,0.9
Romania,140,11,0.31
Romania,549,23,0.79
Romania,543,32,0.5
Romania,432,31,0.22
Romania,193,19,0.29
Romania,311,19,0.4
Romania,24,25,0.29
Romania,466,28,0.27
Romania,626,3,0.45
Romania,234,22,0.46
Romania,196,23,0.78
Romania,482,13,0.27
Romania,119,26,0.4
Romania,548,18,0.33
Romania,10,10,0.37
Romania,102,4,0.9
Romania,11,20,0.4
Romania,303,24,0.8
Romania,533,22,0.61
Romania,563,30,0.45
Romania,366,26,0.34
Romania,605,16,0.52
Romania,423,27,0.32
Romania,701,29,0.19
Romania,623,30,0.6
Romania,231,13,0.41
Romania,336,20,0.36
Romania,496,30,0.19
Romania,173,22,0.12
Romania,764,3,0.19
Romania,761,32,0.26
Romania,723,28,0.36
Romania,525,13,0.4
Romania,595,32,0.74
Romania,732,27,0.33
Romania,184,23,0.57
Romania,488,16,0.32
Romania,528,17,0.2
Romania,651,9,0.52
Romania,342,21,0.26
Romania,190,26,0.81
Romania,637,21,0.86
Romania,700,29,0.19
Romania,690,29,0.17
Romania,298,10,0.56
Romania,148,22,0.5
Romania,116,6,0.22
Romania,372,27,0.49
Romania,624,30,0.5
Romania,32,26,0.29
Romania,53,26,0.52
Romania,94,21,0.54
Romania,443,23,0.41
Romania,106,23,0.61
Romania,477,3,0.67
Romania,748,19,0.77
Romania,357,21,0.31
Romania,218,30,0.61
Romania,558,16,0.42
Romania,577,27,0.25
Romania,467,27,0.32
Romania,469,4,0.4
Romania,653,9,0.2
Romania,8,16,0.26
Romania,749,13,0.29
Romania,805,26,0.68
Romania,109,28,0.14
Romania,769,30,0.22
Romania,457,27,0.49
Romania,407,28,0.12
Romania,766,25,0.25
Romania,485,30,0.21
Romania,158,21,0.12
Romania,121,27,0.25
Romania,780,30,0.3
Romania,473,16,0.82
Romania,111,23,0.21
Romania,49,19,0.2
Romania,328,20,0.73
Romania,427,22,0.16
Romania,638,23,0.73
Romania,436,26,0.26
Romania,506,32,0.73
Romania,622,33,0.12
Romania,212,30,0.8
Romania,781,16,0.18
Romania,396,29,0.61
Romania,347,27,0.3
Romania,655,9,0.12
Romania,754,12,0.32
Romania,205,24,0.4
Romania,484,30,0.16
Romania,96,32,0.79
Romania,89,10,0.57
Romania,294,32,0.57
Romania,202,23,0.52
Romania,809,26,0.26
Romania,267,31,0.21
Romania,641,9,0.12
Romania,476,26,0.25
Romania,459,29,0.9
Romania,612,24,0.34
Romania,405,30,0.52
Romania,376,23,0.41
Romania,374,30,0.26
Romania,84,20,0.9
Romania,720,26,0.25
Romania,367,21,0.2
Romania,254,27,0.54
Romania,90,21,0.21
Romania,215,21,0.2
Romania,375,26,0.39
Romania,647,9,0.32
Romania,188,9,0.4
Romania,252,33,0.4
Romania,501,12,0.72
Romania,475,28,0.87
Romania,172,5,0.19
Romania,789,22,0.52
Romania,276,31,0.25
Romania,228,32,0.47
Romania,40,3,0.74
Romania,418,28,0.25
Romania,551,32,0.62
Romania,682,18,0.41
Romania,448,28,0.46
Romania,673,10,0.57
Romania,69,22,0.33
Romania,660,12,0.22
Romania,377,21,0.52
Romania,410,20,0.55
Romania,657,9,0.57
Romania,461,27,0.26
Romania,222,22,0.53
Romania,554,20,0.69
Romania,693,20,0.37
Romania,633,23,0.52
Romania,318,20,0.57
Romania,674,11,0.9
Romania,740,30,0.12
Romania,490,30,0.78
Romania,27,13,0.29
